epoch,loss_train,loss_test,nll_x_test,nll_y_test,velocity_loss_test,consistency_loss_test,kl_z0_test,kl_t_test,velocity_cosine_test
1,45047.31,38804.484,36049.965,3483.2388,-0.5051645,0.007993282,4.235669,0.0073174806,0.5051645
2,34561.25,32001.68,31423.162,2767.4705,-0.53477097,0.005068603,3.1055129,0.0025587992,0.53477097
3,29637.87,28325.234,29065.127,2275.7466,-0.56020147,0.003575026,2.5466368,0.0039893542,0.56020147
4,27161.826,26463.348,27774.88,1849.8765,-0.57940847,0.00390124,2.5818026,0.011858113,0.57940847
5,25209.754,25018.207,26712.078,1569.8665,-0.57826686,0.0061209747,2.4527364,0.0049822996,0.57826686
6,23947.164,23313.027,25150.75,1607.791,-0.5886744,0.0026249292,2.3826811,0.03229695,0.5886744
7,22285.26,21437.238,23923.12,1463.6666,-0.61295354,0.0012905368,2.0869203,0.080161825,0.61295354
8,20777.502,20398.383,23210.672,1453.7086,-0.60607755,0.0011818934,1.6222767,0.16068296,0.60607755
9,19401.113,18859.047,21900.307,1429.5425,-0.6187692,0.001167053,1.4314349,0.27378154,0.6187692
10,18277.117,18064.023,21413.084,1489.7394,-0.6216448,0.016666945,1.074248,0.13672648,0.6216448
11,17737.404,17575.877,20964.775,1484.968,-0.6315894,0.019464912,1.0004939,0.24688311,0.6315894
12,17316.396,17153.584,20613.393,1442.6791,-0.62860674,0.009929989,1.0619923,0.22228758,0.62860674
13,16420.121,16390.56,19964.36,1431.3019,-0.628397,0.0060959593,0.9388982,0.27900958,0.628397
14,16091.976,15926.099,19678.875,1399.647,-0.6367059,0.0025319548,0.98665667,0.2026584,0.6367059
15,15750.771,15857.137,19676.758,1452.743,-0.64427185,0.011915436,0.8658364,0.18536215,0.64427185
16,15653.558,15508.069,19362.096,1439.8842,-0.6409682,0.002105739,0.90804106,0.18667248,0.6409682
17,15172.535,15013.227,19073.182,1299.3383,-0.65600455,0.0022435882,0.9763558,0.20196109,0.65600455
18,15004.132,15079.78,19019.295,1392.9982,-0.6376347,0.0018106146,0.8084701,0.21725935,0.6376347
19,14812.144,15046.577,18945.059,1416.6627,-0.64499635,0.0037273802,0.89377254,0.20377122,0.64499635
20,14815.486,14734.357,18891.604,1395.2087,-0.6550586,0.002422883,0.8385606,0.13534112,0.6550586
21,14636.426,14775.57,18858.822,1301.6243,-0.6560809,0.0037271779,0.969793,0.16886827,0.6560809
22,14546.606,14644.021,18673.44,1471.3623,-0.6553265,0.0021677432,0.8407015,0.19010451,0.6553265
23,14434.013,14618.074,18716.71,1379.5466,-0.64922523,0.0024544457,0.8250262,0.16449693,0.64922523
24,14317.552,14443.915,18662.312,1476.1309,-0.6637894,0.0013643844,0.78284144,0.14688121,0.6637894
25,14226.479,14334.786,18549.967,1354.0404,-0.6659908,0.015100329,0.8012758,0.13840804,0.6659908
26,14202.071,14029.481,18451.72,1399.7476,-0.6745582,0.0018264395,0.7575322,0.14779854,0.6745582
27,13993.9375,14158.372,18481.855,1339.2103,-0.6639412,0.0011783397,0.8159705,0.14896172,0.6639412
28,14041.927,14077.458,18426.203,1427.2686,-0.6753975,0.0016337566,0.8177839,0.14383692,0.6753975
29,13962.392,14137.441,18415.795,1348.4517,-0.6777611,0.0035431287,0.9517182,0.16365366,0.6777611
30,13818.386,14101.582,18353.547,1435.7659,-0.6684027,0.0014877208,0.8289163,0.15250394,0.6684027
31,13925.229,14015.683,18364.635,1392.9723,-0.67149824,0.00082518614,0.8188677,0.14593844,0.67149824
32,13733.651,13700.631,18317.154,1332.1244,-0.68509597,0.002683291,0.7408738,0.1346047,0.68509597
33,13714.313,13865.413,18334.84,1379.7997,-0.6759047,0.0008846978,0.74402815,0.15694652,0.6759047
34,13884.315,13912.982,18277.48,1388.7921,-0.67298365,0.0017944906,0.807959,0.15064187,0.67298365
35,13819.781,13879.374,18315.035,1349.4773,-0.69078964,0.000612939,0.92301977,0.19360831,0.69078964
36,13665.365,13793.329,18205.107,1381.6842,-0.6850852,0.0011103068,0.8679707,0.17831706,0.6850852
37,13594.078,13678.011,18246.23,1318.7537,-0.681308,0.0010335239,0.74756,0.16821074,0.681308
38,13445.939,13720.826,18327.387,1372.4343,-0.69048524,0.009469626,0.68194276,0.1492182,0.69048524
39,13593.11,13700.469,18215.395,1310.3793,-0.6899967,0.00080112705,0.8763689,0.19028038,0.6899967
40,13541.806,13794.915,18165.398,1404.2323,-0.6841236,0.000909213,0.8972773,0.16014937,0.6841236
41,13620.696,13624.763,18083.213,1438.125,-0.6821942,0.0012561782,0.76204365,0.15076053,0.6821942
42,13500.292,13884.98,18245.441,1455.5366,-0.6843088,0.0021460569,0.84364367,0.16198726,0.6843088
43,13555.972,13620.229,18263.107,1315.8074,-0.6925402,0.00083400734,0.79186004,0.1665193,0.6925402
44,13382.899,13680.788,18215.885,1322.0361,-0.6816798,0.0011924005,0.73854667,0.20919397,0.6816798
45,13437.469,13657.797,18210.55,1387.4182,-0.68633324,0.0010323279,0.76303285,0.14980665,0.68633324
46,13348.569,13896.544,18128.09,1436.0834,-0.6934709,0.022785813,0.8649929,0.17422771,0.6934709
47,13551.137,13693.082,18270.867,1302.2852,-0.6838925,0.001258633,0.7753877,0.17087954,0.6838925
48,13439.349,13504.193,18077.24,1265.7943,-0.68748844,0.0011055685,0.84732604,0.17766169,0.68748844
49,13404.945,13799.027,18148.713,1341.1584,-0.6796406,0.010541204,0.816483,0.18366686,0.6796406
50,13313.552,13611.76,18101.057,1318.0828,-0.6988313,0.015496621,0.8437313,0.18223478,0.6988313
51,13348.187,13501.381,18119.105,1323.116,-0.6987801,0.0014114017,0.8267252,0.20612162,0.6987801
52,13384.148,13772.664,18171.768,1365.969,-0.674168,0.0035362132,0.7762119,0.1650315,0.674168
53,13329.159,13594.743,18174.484,1363.3306,-0.69239277,0.0010924524,0.7692055,0.20072348,0.69239277
54,13285.921,13489.354,18030.803,1372.9467,-0.6891723,0.0010201003,0.78288233,0.18424292,0.6891723
55,13358.23,13564.442,18146.701,1332.2911,-0.69424766,0.0008174083,0.81362283,0.20612928,0.69424766
56,13379.203,13661.108,18104.092,1360.1565,-0.67704964,0.0011472628,0.7369848,0.21889946,0.67704964
57,13428.606,13703.989,18116.484,1461.2034,-0.6966839,0.00085787236,0.87432826,0.2102327,0.6966839
58,13257.133,13757.08,18187.988,1412.7809,-0.67852056,0.0009076677,0.7314622,0.20097692,0.67852056
59,13303.345,13427.667,18056.441,1267.3398,-0.69698435,0.0007190643,0.8258271,0.24071212,0.69698435
60,13267.489,13512.133,18177.0,1296.9327,-0.7002739,0.00085396663,0.8131587,0.2192409,0.7002739
61,13222.899,13266.523,18022.602,1205.4955,-0.7017796,0.0009321758,0.8357093,0.21119104,0.7017796
62,13297.06,13540.798,18027.59,1329.3936,-0.68748146,0.004118271,0.8225208,0.19492385,0.68748146
63,13182.552,13508.7705,18108.113,1378.8124,-0.68858236,0.00086261,0.6993247,0.19971924,0.68858236
64,13200.148,13367.453,18047.78,1265.8694,-0.70266724,0.0015216758,0.7908535,0.27440652,0.70266724
65,13200.184,13318.648,17985.383,1221.5945,-0.7021524,0.0013596478,0.86626977,0.25332716,0.7021524
66,13266.85,13373.565,17986.756,1234.7234,-0.6922839,0.0011648575,0.82102716,0.24225159,0.6922839
67,13205.274,13404.016,18042.557,1328.0824,-0.69519717,0.0013985548,0.7538815,0.21748091,0.69519717
68,13081.434,13399.025,18040.744,1228.7866,-0.69232434,0.0012140315,0.8120302,0.22857022,0.69232434
69,12973.535,13338.327,17941.637,1320.0587,-0.69958663,0.0012501084,0.8351885,0.22481108,0.69958663
70,12953.891,13243.265,17880.936,1227.0619,-0.6908374,0.0013858847,0.8165677,0.2132158,0.6908374
71,12862.503,13392.061,17941.404,1306.7196,-0.68808776,0.0010228632,0.7887417,0.22584552,0.68808776
72,12996.311,13139.213,17835.79,1229.5778,-0.7017247,0.0017657256,0.8475761,0.2258574,0.7017247
73,12963.919,13057.539,17829.195,1229.0632,-0.7075092,0.00083235744,0.8398769,0.2261722,0.7075092
74,12908.909,13181.885,17889.771,1222.8755,-0.69571394,0.00089840894,0.8091052,0.20828696,0.69571394
75,12876.756,13222.098,17891.986,1276.1941,-0.6984807,0.0012631736,0.8075006,0.21859252,0.6984807
76,12994.6,13157.117,17825.582,1214.2764,-0.69640416,0.0011652859,0.83873427,0.23091464,0.69640416
77,12853.644,13048.902,17843.19,1172.3074,-0.7071188,0.0010426576,0.87345314,0.22071542,0.7071188
78,12764.484,13119.609,17852.06,1239.7135,-0.6973459,0.001528783,0.7860825,0.19992559,0.6973459
79,12786.406,13023.44,17783.914,1199.6553,-0.7022875,0.0008114022,0.85341024,0.20122047,0.7022875
80,12767.456,13274.03,17801.746,1319.2108,-0.7021831,0.01063511,0.86466223,0.20389183,0.7021831
81,12758.724,13065.189,17839.81,1167.6633,-0.70200557,0.0009371362,0.852136,0.21626364,0.70200557
82,12811.329,13071.846,17829.139,1209.3547,-0.705362,0.0041755014,0.854024,0.19119467,0.705362
83,12798.49,13096.276,17773.402,1239.7493,-0.70689774,0.012128108,0.83608854,0.19473277,0.70689774
84,12765.277,13025.525,17816.629,1226.5266,-0.706981,0.0013787667,0.82795167,0.21044357,0.706981
85,12705.11,12978.243,17756.5,1175.2047,-0.70448565,0.0008994236,0.891615,0.19078489,0.70448565
86,12663.742,12949.306,17781.135,1147.6852,-0.71196574,0.0031400397,0.8988594,0.20988557,0.71196574
87,12704.154,13007.598,17803.168,1196.0989,-0.70343614,0.0008279931,0.8451103,0.18930177,0.70343614
88,12725.321,13044.315,17801.918,1212.7064,-0.7037531,0.00078546535,0.8528096,0.20655906,0.7037531
89,12561.954,13060.209,17791.432,1167.3718,-0.6935525,0.00083543715,0.85031384,0.17826435,0.6935525
90,12661.972,13084.486,17733.06,1232.443,-0.69373214,0.0008276925,0.86375034,0.18427882,0.69373214
91,12733.763,12905.156,17739.213,1172.6409,-0.7069628,0.0009701535,0.8789856,0.17424479,0.7069628
92,12719.865,12937.459,17706.87,1133.4148,-0.69906163,0.0011285535,0.89457595,0.18193108,0.69906163
93,12727.504,12836.043,17734.246,1098.9238,-0.71100366,0.0009031334,0.9251672,0.17871276,0.71100366
94,12621.974,12979.873,17777.035,1151.0273,-0.7038098,0.00093331176,0.90052766,0.18004718,0.7038098
95,12705.183,12988.705,17763.727,1198.892,-0.7058174,0.00080860464,0.89818347,0.17799096,0.7058174
96,12688.197,12921.365,17797.752,1124.802,-0.70699507,0.00093872217,0.8861754,0.17319931,0.70699507
97,12606.594,12959.455,17726.764,1200.8735,-0.7074108,0.0012505463,0.89461625,0.19880243,0.7074108
98,12656.551,12899.825,17728.982,1177.6716,-0.71141475,0.0018271839,0.92506737,0.16397913,0.71141475
99,12599.354,12911.347,17784.58,1116.2076,-0.70929015,0.0010022122,0.917301,0.17613643,0.70929015
100,12665.11,12823.148,17726.582,1079.7856,-0.70907396,0.00090974517,0.92846817,0.16995354,0.70907396
101,12647.969,12839.723,17732.35,1122.2388,-0.70943534,0.0009886128,0.9024857,0.1671164,0.70943534
102,12541.181,12895.166,17696.264,1126.199,-0.7021324,0.0010463797,0.9270043,0.15655863,0.7021324
103,12518.341,12977.456,17734.57,1149.0427,-0.69835454,0.00095094205,0.904994,0.16288348,0.69835454
104,12504.854,12932.379,17740.318,1202.9778,-0.7107544,0.0012424468,0.918175,0.16602603,0.7107544
105,12602.547,12907.705,17643.96,1215.564,-0.7072441,0.0007846325,0.92953384,0.18324022,0.7072441
106,12588.925,12847.137,17675.938,1107.0358,-0.7062512,0.0011164832,0.93330455,0.18220788,0.7062512
107,12456.603,12852.85,17675.416,1154.3064,-0.70396143,0.001054304,0.8925121,0.15968752,0.70396143
108,12562.408,12832.046,17711.264,1129.1248,-0.7081292,0.0009742433,0.8969904,0.1662151,0.7081292
109,12558.353,12802.23,17692.322,1099.46,-0.7097407,0.0013470157,0.9300358,0.16434874,0.7097407
110,12503.192,12846.8955,17716.693,1084.1027,-0.7039001,0.00086190493,0.91655135,0.15992802,0.7039001
111,12459.109,12901.755,17719.773,1122.0522,-0.7008092,0.0010622334,0.8984875,0.15890943,0.7008092
112,12452.894,12887.423,17717.834,1150.0311,-0.705563,0.00076939195,0.90699124,0.16050267,0.705563
113,12536.91,12903.483,17726.516,1128.2709,-0.70267045,0.00089402375,0.91046447,0.15599719,0.70267045
114,12474.302,12782.511,17655.838,1133.4274,-0.70912933,0.00075637223,0.91808176,0.15889412,0.70912933
115,12571.748,12777.124,17670.467,1129.9363,-0.71155673,0.0020401888,0.9131454,0.15874054,0.71155673
116,12581.755,12900.878,17750.07,1092.5641,-0.7045244,0.0014760206,0.9333652,0.1553639,0.7045244
117,12638.137,12957.713,17730.6,1175.4208,-0.7042314,0.0011098016,0.92779684,0.15511304,0.7042314
118,12551.343,12814.601,17612.654,1135.8722,-0.7067394,0.006094278,0.91726327,0.15526058,0.7067394
119,12531.444,12873.502,17690.34,1123.1361,-0.70070326,0.0009508279,0.9036206,0.15392962,0.70070326
120,12492.959,12897.914,17640.695,1139.6224,-0.6978469,0.0022413488,0.91261226,0.16103654,0.6978469
121,12498.698,12820.49,17647.64,1113.3524,-0.7032392,0.0011387316,0.92887944,0.15162465,0.7032392
122,12464.75,12739.944,17627.15,1135.346,-0.7134335,0.0009659095,0.95010734,0.15201773,0.7134335
123,12447.76,12774.513,17666.148,1051.9596,-0.70281154,0.0008559271,0.9253145,0.15064614,0.70281154
124,12432.396,12847.911,17664.424,1124.8707,-0.7029981,0.0011571846,0.92579025,0.15123625,0.7029981
125,12506.692,12730.464,17645.186,1052.0782,-0.71136475,0.0065467884,0.9281488,0.15322977,0.71136475
126,12487.391,12937.3545,17650.88,1163.1053,-0.69528496,0.0009306869,0.9158136,0.1510959,0.69528496
127,12508.979,12807.419,17643.895,1069.933,-0.6992349,0.00096945895,0.9243368,0.15190837,0.6992349
128,12528.866,12837.081,17637.357,1081.6442,-0.6995463,0.0009020011,0.9539732,0.15054637,0.6995463
129,12402.179,12860.594,17665.148,1114.3076,-0.7024803,0.0010729517,0.9431051,0.15210761,0.7024803
130,12499.324,12760.922,17637.63,1083.2799,-0.7044878,0.0008558927,0.9246705,0.15166087,0.7044878
131,12501.598,12762.569,17615.678,1099.0609,-0.70525575,0.000906183,0.9414587,0.1498681,0.70525575
132,12495.719,12856.159,17685.768,1120.7937,-0.70434105,0.0009971353,0.93346256,0.14957274,0.70434105
133,12534.207,12644.45,17613.309,1044.6432,-0.7106877,0.0011467765,0.9325368,0.14937149,0.7106877
134,12480.319,12807.532,17621.143,1135.6595,-0.70410854,0.0008708559,0.93271506,0.15039216,0.70410854
135,12453.947,12856.451,17671.396,1149.3708,-0.70588833,0.0008810315,0.9342038,0.15155327,0.70588833
136,12423.71,12798.743,17649.92,1113.6534,-0.7059002,0.0009326834,0.93307745,0.15176809,0.7059002
137,12499.199,12920.553,17656.25,1158.7482,-0.70842105,0.009790598,0.93921304,0.15264666,0.70842105
138,12393.625,12897.836,17684.59,1115.601,-0.69919825,0.0009605805,0.9278865,0.15213458,0.69919825
139,12466.271,12886.894,17662.213,1119.1654,-0.6975375,0.0008599803,0.9218281,0.15046194,0.6975375
140,12487.735,12926.464,17717.809,1105.8655,-0.6978614,0.0009822412,0.92242175,0.14916088,0.6978614
141,12466.823,12819.436,17662.22,1123.6141,-0.7052704,0.0008236356,0.92661536,0.15145324,0.7052704
142,12426.125,12831.45,17640.826,1105.117,-0.70304936,0.003376378,0.93010795,0.15212677,0.70304936
143,12547.302,12728.312,17646.307,1058.6146,-0.7065324,0.00094924,0.92891014,0.15031022,0.7065324
