perturbed_tf,celltype,n_cells,delta_latent_time,delta_vx_norm,velocity_cosine_to_baseline
ARNT,CD4 Naive,1257,0.0016587136,0.011184841,0.99992317
ARNT,CD4 TCM,1134,0.001927543,0.008905022,0.9999818
ARNT,CD8 Naive,1178,0.0013160605,0.008291669,0.9999768
ARNT,CD8 TCM,335,0.0017263384,0.0053007645,0.999998
ARNT,CD8 TEM,463,0.00096229854,0.0024315433,0.9999996
ARNT,MAIT,113,0.0017421119,0.004112189,0.99999696
ARNT,NK,411,0.0013743166,0.0045780563,0.99999225
ARNT,NK Proliferating,25,0.0014434612,0.0046071997,0.9999994
ARNT,Treg,177,0.0014624712,0.010187756,0.9999494
ARNT,unlabeled,132,0.0008411744,0.0049427287,0.9999994
REL,CD4 Naive,1257,-0.003611482,0.020980489,0.99982595
REL,CD4 TCM,1134,-0.0040292824,0.018474136,0.9999694
REL,CD8 Naive,1178,-0.0032957413,0.018561326,0.99986726
REL,CD8 TCM,335,-0.0039003778,0.014296112,0.99997723
REL,CD8 TEM,463,-0.002473167,0.009442563,0.9999964
REL,MAIT,113,-0.005874574,0.014603948,0.99997973
REL,NK,411,-0.0016506527,0.009804654,0.9999879
REL,NK Proliferating,25,-0.0033904624,0.020256197,0.9999457
REL,Treg,177,-0.0021849573,0.013493161,0.99999225
REL,unlabeled,132,-0.0009367448,0.017628342,0.99999535
ARID3A,CD4 Naive,1257,0.0010115736,0.004070036,0.9999789
ARID3A,CD4 TCM,1134,0.0044709616,0.014802203,0.99998426
ARID3A,CD8 Naive,1178,0.0016522761,0.0064587058,0.9999847
ARID3A,CD8 TCM,335,0.0075969524,0.019936962,0.999991
ARID3A,CD8 TEM,463,0.0062469067,0.0148070585,0.99999434
ARID3A,MAIT,113,0.0038768607,0.010703341,0.9999874
ARID3A,NK,411,0.0068889116,0.018307442,0.9999825
ARID3A,NK Proliferating,25,0.005119946,0.025452228,0.9998722
ARID3A,Treg,177,0.0045837695,0.016864916,0.9999519
ARID3A,unlabeled,132,0.0054031266,0.031171206,0.9998045
PLAG1,CD4 Naive,1257,-0.0001100697,0.0070189293,0.9999682
PLAG1,CD4 TCM,1134,-0.0011010361,0.0048609017,0.9999731
PLAG1,CD8 Naive,1178,6.85443e-05,0.008192366,0.99997014
PLAG1,CD8 TCM,335,-0.0016555063,0.003415388,0.9999995
PLAG1,CD8 TEM,463,-0.0013059108,0.0026305201,0.9999994
PLAG1,MAIT,113,-0.0017870569,0.0031847316,0.9999997
PLAG1,NK,411,-0.0012586088,0.003882934,0.99999315
PLAG1,NK Proliferating,25,-0.0010726536,0.0031126079,0.99999976
PLAG1,Treg,177,-0.0008195888,0.0058362847,0.99999917
PLAG1,unlabeled,132,-0.00056245,0.006537303,0.99999297
SREBF2,CD4 Naive,1257,0.0013961068,0.016114812,0.99990445
SREBF2,CD4 TCM,1134,0.0049183313,0.022551572,0.9999741
SREBF2,CD8 Naive,1178,0.0017082231,0.01605103,0.9999708
SREBF2,CD8 TCM,335,0.009481401,0.028745402,0.99997574
SREBF2,CD8 TEM,463,0.008740231,0.023932682,0.9999839
SREBF2,MAIT,113,0.008453476,0.027405689,0.999912
SREBF2,NK,411,0.0072984714,0.020632803,0.999981
SREBF2,NK Proliferating,25,0.005584253,0.03726943,0.9997804
SREBF2,Treg,177,0.0040197987,0.02286477,0.99994725
SREBF2,unlabeled,132,0.0044521037,0.030372174,0.9998025
ATF1,CD4 Naive,1257,-0.00069351273,0.004583153,0.99996096
ATF1,CD4 TCM,1134,-0.0039944644,0.012477946,0.9999888
ATF1,CD8 Naive,1178,-0.0005440791,0.0036189568,0.99998343
ATF1,CD8 TCM,335,-0.005344309,0.012586658,0.99999744
ATF1,CD8 TEM,463,-0.0045937547,0.009452535,0.9999965
ATF1,MAIT,113,-0.0043632714,0.00922429,0.9999918
ATF1,NK,411,-0.004789988,0.0126270335,0.99998057
ATF1,NK Proliferating,25,-0.0035297107,0.026298573,0.9997703
ATF1,Treg,177,-0.0023855371,0.0071415524,0.99999946
ATF1,unlabeled,132,-0.0023171897,0.010231952,0.9999986
CREB3L2,CD4 Naive,1257,-0.0005041542,0.005092278,0.99997765
CREB3L2,CD4 TCM,1134,0.003291791,0.01202372,0.9999773
CREB3L2,CD8 Naive,1178,-0.00013152741,0.005571921,0.999974
CREB3L2,CD8 TCM,335,0.0072330334,0.017963694,0.99999297
CREB3L2,CD8 TEM,463,0.0066130175,0.016294673,0.9999936
CREB3L2,MAIT,113,0.007196633,0.015878497,0.99997896
CREB3L2,NK,411,0.006284115,0.017323364,0.9999845
CREB3L2,NK Proliferating,25,0.0047268057,0.013876837,0.99999344
CREB3L2,Treg,177,0.0026183778,0.010995749,0.99999744
CREB3L2,unlabeled,132,0.0033931956,0.016599113,0.99999595
ELF4,CD4 Naive,1257,-0.0004642948,0.0064062243,0.999964
ELF4,CD4 TCM,1134,-0.00086974236,0.0049716774,0.9999912
ELF4,CD8 Naive,1178,-0.0007452978,0.0064302003,0.9999832
ELF4,CD8 TCM,335,-0.0019729824,0.00582715,0.9999989
ELF4,CD8 TEM,463,-0.0014609017,0.0045243124,0.9999973
ELF4,MAIT,113,-0.0008682946,0.0063714175,0.99999607
ELF4,NK,411,-0.0024071848,0.0084754,0.9999861
ELF4,NK Proliferating,25,-0.0014893651,0.013956935,0.99996585
ELF4,Treg,177,-0.0016948093,0.008465279,0.99999917
ELF4,unlabeled,132,-0.0016776754,0.010873356,0.999999
HSF1,CD4 Naive,1257,-0.0052543585,0.02739353,0.99971855
HSF1,CD4 TCM,1134,0.0027792302,0.019046463,0.999962
HSF1,CD8 Naive,1178,-0.0030351342,0.019973086,0.9998048
HSF1,CD8 TCM,335,0.0064452137,0.018726557,0.99997306
HSF1,CD8 TEM,463,0.0045895856,0.011931144,0.99999493
HSF1,MAIT,113,0.0026976634,0.008335458,0.9999937
HSF1,NK,411,0.0047809794,0.013539521,0.99998784
HSF1,NK Proliferating,25,0.0023646117,0.014726247,0.99997747
HSF1,Treg,177,0.0019820111,0.018375928,0.9999113
HSF1,unlabeled,132,0.0049406234,0.0363254,0.99988556
ZNF143,CD4 Naive,1257,0.0013032415,0.0070650596,0.99996346
ZNF143,CD4 TCM,1134,-0.0018441074,0.010779535,0.99998635
ZNF143,CD8 Naive,1178,0.00010249932,0.005382913,0.999976
ZNF143,CD8 TCM,335,-0.004129151,0.01438382,0.99995756
ZNF143,CD8 TEM,463,-0.004113295,0.011045186,0.99999654
ZNF143,MAIT,113,-0.0038843763,0.014494024,0.99997574
ZNF143,NK,411,-0.00378631,0.011115592,0.9999892
ZNF143,NK Proliferating,25,-0.001912638,0.009732873,0.9999957
ZNF143,Treg,177,-0.0020336006,0.011187924,0.9999955
ZNF143,unlabeled,132,-0.00299919,0.01998501,0.9999964
HSF2,CD4 Naive,1257,-0.00281033,0.017837528,0.9998316
HSF2,CD4 TCM,1134,-0.0013010073,0.007723828,0.9999864
HSF2,CD8 Naive,1178,-0.0014832488,0.010127347,0.99992985
HSF2,CD8 TCM,335,0.00056644,0.0037156923,0.99998295
HSF2,CD8 TEM,463,0.00089332147,0.0022706583,0.9999996
HSF2,MAIT,113,-0.00014309124,0.0033566516,0.9999989
HSF2,NK,411,0.0010884615,0.0035514438,0.999996
HSF2,NK Proliferating,25,-0.0003853631,0.008774835,0.99998355
HSF2,Treg,177,-0.000664138,0.0046765204,0.99999964
HSF2,unlabeled,132,0.00070781534,0.012187232,0.99999523
MEF2D,CD4 Naive,1257,-0.0014665207,0.007377779,0.9999349
MEF2D,CD4 TCM,1134,0.00012106321,0.0070640505,0.99998546
MEF2D,CD8 Naive,1178,-0.00030109799,0.0069450913,0.99995834
MEF2D,CD8 TCM,335,0.0033553522,0.011992859,0.9999929
MEF2D,CD8 TEM,463,0.0035571586,0.011081617,0.99999446
MEF2D,MAIT,113,0.0022270468,0.012712094,0.999981
MEF2D,NK,411,0.0034002091,0.011002251,0.99999005
MEF2D,NK Proliferating,25,0.0013600695,0.008449844,0.99999475
MEF2D,Treg,177,0.0009966859,0.00829367,0.99999106
MEF2D,unlabeled,132,0.0023409717,0.017705053,0.9999956
MYBL1,CD4 Naive,1257,0.0028126792,0.017376738,0.9999128
MYBL1,CD4 TCM,1134,0.0021373369,0.0130731445,0.9999577
MYBL1,CD8 Naive,1178,0.0018306042,0.014405126,0.99992496
MYBL1,CD8 TCM,335,-0.00044423147,0.008790517,0.9999552
MYBL1,CD8 TEM,463,-0.0009001769,0.0109484885,0.99998826
MYBL1,MAIT,113,-0.000364388,0.008234115,0.99998975
MYBL1,NK,411,-0.0003262202,0.017697005,0.9999705
MYBL1,NK Proliferating,25,0.00055320025,0.01931236,0.9999591
MYBL1,Treg,177,0.00078854035,0.01069928,0.9999591
MYBL1,unlabeled,132,-0.00017843282,0.012239906,0.9999673
NFKB1,CD4 Naive,1257,0.0010199456,0.009386516,0.9998858
NFKB1,CD4 TCM,1134,0.005127677,0.018704306,0.99994177
NFKB1,CD8 Naive,1178,0.00215162,0.012692114,0.9998998
NFKB1,CD8 TCM,335,0.008800997,0.020573353,0.99997723
NFKB1,CD8 TEM,463,0.005305603,0.011262931,0.99999547
NFKB1,MAIT,113,0.0056509217,0.011820998,0.99999714
NFKB1,NK,411,0.004265629,0.012297904,0.99998546
NFKB1,NK Proliferating,25,0.003200431,0.012479236,0.9999931
NFKB1,Treg,177,0.004828326,0.017680297,0.9999479
NFKB1,unlabeled,132,0.006870332,0.034520097,0.9998963
SMAD3,CD4 Naive,1257,0.004441732,0.022173764,0.9998597
SMAD3,CD4 TCM,1134,0.004925995,0.018121155,0.9999821
SMAD3,CD8 Naive,1178,0.0042120693,0.021108793,0.9998806
SMAD3,CD8 TCM,335,0.006096351,0.016895914,0.99999505
SMAD3,CD8 TEM,463,0.00504444,0.012794192,0.999995
SMAD3,MAIT,113,0.0050261472,0.011726612,0.9999888
SMAD3,NK,411,0.004016691,0.011473807,0.9999897
SMAD3,NK Proliferating,25,0.0038440572,0.011544078,0.9999945
SMAD3,Treg,177,0.0036010365,0.017532263,0.9999521
SMAD3,unlabeled,132,0.0044749063,0.026056275,0.99980545
TGIF1,CD4 Naive,1257,-0.0025127886,0.011000881,0.999899
TGIF1,CD4 TCM,1134,-0.0019653959,0.0057969233,0.99998933
TGIF1,CD8 Naive,1178,-0.003164778,0.012512202,0.9999114
TGIF1,CD8 TCM,335,-0.0048293183,0.011929954,0.99996185
TGIF1,CD8 TEM,463,-0.0049812375,0.009762455,0.99999726
TGIF1,MAIT,113,-0.004675378,0.008264724,0.99999756
TGIF1,NK,411,-0.004819376,0.011608295,0.99998605
TGIF1,NK Proliferating,25,-0.003245076,0.023466224,0.9997766
TGIF1,Treg,177,-0.0026371568,0.008296797,0.9999969
TGIF1,unlabeled,132,-0.0035677813,0.015719382,0.9999983
RUNX2,CD4 Naive,1257,-0.001671421,0.0074843904,0.99992037
RUNX2,CD4 TCM,1134,-0.003859942,0.016328508,0.9999353
RUNX2,CD8 Naive,1178,-0.0021701914,0.01794358,0.99979794
RUNX2,CD8 TCM,335,-0.007696979,0.020017626,0.9999508
RUNX2,CD8 TEM,463,-0.0062795286,0.0128701,0.99999124
RUNX2,MAIT,113,-0.008666691,0.020159243,0.9999524
RUNX2,NK,411,-0.005213034,0.01259298,0.9999851
RUNX2,NK Proliferating,25,-0.0044909096,0.027338052,0.9997728
RUNX2,Treg,177,-0.0026914657,0.01109428,0.9999757
RUNX2,unlabeled,132,-0.00331849,0.016081158,0.99999535
MGA,CD4 Naive,1257,0.001551833,0.009579218,0.9999021
MGA,CD4 TCM,1134,-0.0017449843,0.013264552,0.9999733
MGA,CD8 Naive,1178,0.0011426228,0.008816218,0.9999509
MGA,CD8 TCM,335,-0.009981599,0.0283961,0.99997944
MGA,CD8 TEM,463,-0.01204626,0.029614782,0.9999811
MGA,MAIT,113,-0.0075650583,0.027518379,0.99991924
MGA,NK,411,-0.010612723,0.027153017,0.99997646
MGA,NK Proliferating,25,-0.004427731,0.031833902,0.9997873
MGA,Treg,177,-0.0019128574,0.010879595,0.9999955
MGA,unlabeled,132,-0.004450062,0.03358227,0.99998915
FOXP3,CD4 Naive,1257,0.0013849252,0.011515895,0.9999435
FOXP3,CD4 TCM,1134,0.00012820536,0.00619266,0.99998087
FOXP3,CD8 Naive,1178,0.0013558834,0.00960803,0.9999697
FOXP3,CD8 TCM,335,0.0007930243,0.0054656584,0.9999993
FOXP3,CD8 TEM,463,0.00055385166,0.0031319621,0.9999996
FOXP3,MAIT,113,-0.00011954898,0.0054979688,0.9999988
FOXP3,NK,411,0.0005911738,0.003871904,0.9999967
FOXP3,NK Proliferating,25,0.00016774655,0.006239183,0.99999547
FOXP3,Treg,177,0.0017345517,0.020251028,0.999805
FOXP3,unlabeled,132,0.0019510869,0.012614011,0.9999973
MTF1,CD4 Naive,1257,-0.0025443453,0.01158974,0.99990356
MTF1,CD4 TCM,1134,-0.0039962423,0.014306245,0.9999849
MTF1,CD8 Naive,1178,-0.0030778986,0.013635653,0.9999148
MTF1,CD8 TCM,335,-0.00695072,0.019780027,0.99997634
MTF1,CD8 TEM,463,-0.0062958426,0.014694919,0.99999404
MTF1,MAIT,113,-0.0058201114,0.018459449,0.9999618
MTF1,NK,411,-0.005690918,0.014862812,0.9999847
MTF1,NK Proliferating,25,-0.004313744,0.029764723,0.9997666
MTF1,Treg,177,-0.0031056802,0.011769629,0.99999636
MTF1,unlabeled,132,-0.0054590493,0.02801721,0.9999933
ZNF24,CD4 Naive,1257,0.0017849425,0.009682855,0.9999153
ZNF24,CD4 TCM,1134,0.000933997,0.005317874,0.99996984
ZNF24,CD8 Naive,1178,0.0022877133,0.0109600555,0.9999488
ZNF24,CD8 TCM,335,0.0017996326,0.007089262,0.9999633
ZNF24,CD8 TEM,463,0.0020123,0.007551238,0.99999607
ZNF24,MAIT,113,0.0016648463,0.0072727725,0.99999255
ZNF24,NK,411,0.0014986531,0.008932465,0.99998945
ZNF24,NK Proliferating,25,0.0009873259,0.010525481,0.9999825
ZNF24,Treg,177,0.0010496969,0.0087709725,0.99995494
ZNF24,unlabeled,132,0.0015119562,0.00658575,0.9999983
FOXN3,CD4 Naive,1257,-0.0017566861,0.009941313,0.99995
FOXN3,CD4 TCM,1134,-1.9265914e-05,0.0058312644,0.999986
FOXN3,CD8 Naive,1178,-0.0013231833,0.008026399,0.9999756
FOXN3,CD8 TCM,335,0.0010719768,0.0033289713,0.99999857
FOXN3,CD8 TEM,463,0.0011187565,0.0028025692,0.9999989
FOXN3,MAIT,113,0.0011609487,0.0051460536,0.99999624
FOXN3,NK,411,0.0010325653,0.0044735996,0.99999386
FOXN3,NK Proliferating,25,0.0006980574,0.028484134,0.99978757
FOXN3,Treg,177,0.00024930586,0.008401064,0.9999521
FOXN3,unlabeled,132,0.00015904258,0.007312351,0.9999956
ZNF136,CD4 Naive,1257,0.0016847759,0.007900503,0.9999267
ZNF136,CD4 TCM,1134,0.00163748,0.0067797406,0.9999833
ZNF136,CD8 Naive,1178,0.0013370846,0.006403753,0.9999597
ZNF136,CD8 TCM,335,0.0035017135,0.009568904,0.99998105
ZNF136,CD8 TEM,463,0.0027582806,0.006993206,0.9999977
ZNF136,MAIT,113,0.0038438244,0.008946299,0.9999904
ZNF136,NK,411,0.0019512322,0.0065138526,0.99999183
ZNF136,NK Proliferating,25,0.002332679,0.007263739,0.9999978
ZNF136,Treg,177,0.0011635992,0.00830328,0.99991715
ZNF136,unlabeled,132,0.00077080005,0.007407463,0.99999875
ZNF75A,CD4 Naive,1257,0.0047555673,0.02142322,0.99986666
ZNF75A,CD4 TCM,1134,0.00068265985,0.014497903,0.9999705
ZNF75A,CD8 Naive,1178,0.0042017647,0.019247849,0.99990696
ZNF75A,CD8 TCM,335,-0.003999776,0.012277915,0.999996
ZNF75A,CD8 TEM,463,-0.004243276,0.009700355,0.99999684
ZNF75A,MAIT,113,-0.0023669822,0.009909935,0.9999902
ZNF75A,NK,411,-0.004347768,0.011919913,0.9999853
ZNF75A,NK Proliferating,25,-0.00129462,0.01406096,0.99996513
ZNF75A,Treg,177,0.00076817034,0.0134659,0.99994963
ZNF75A,unlabeled,132,-0.0011287079,0.021099232,0.9999926
ZNF766,CD4 Naive,1257,0.0054092826,0.029150065,0.9997963
ZNF766,CD4 TCM,1134,0.00075202255,0.016707152,0.9999761
ZNF766,CD8 Naive,1178,0.004224994,0.02390952,0.9999001
ZNF766,CD8 TCM,335,-0.0064402707,0.014774314,0.9999969
ZNF766,CD8 TEM,463,-0.0075422907,0.014879193,0.999995
ZNF766,MAIT,113,-0.0068471846,0.011967217,0.99999374
ZNF766,NK,411,-0.006437629,0.015599104,0.9999813
ZNF766,NK Proliferating,25,-0.0037532246,0.026111685,0.9997747
ZNF766,Treg,177,3.8431863e-05,0.019818487,0.9999112
ZNF766,unlabeled,132,-0.0009762708,0.018696187,0.99999523
ZFP14,CD4 Naive,1257,-0.0024542215,0.0099553745,0.9999205
ZFP14,CD4 TCM,1134,0.00014164855,0.008180211,0.99997866
ZFP14,CD8 Naive,1178,-0.0019544398,0.008473618,0.9999335
ZFP14,CD8 TCM,335,0.0014243904,0.0053696656,0.99999857
ZFP14,CD8 TEM,463,0.0014526147,0.0038890992,0.99999934
ZFP14,MAIT,113,0.0011210283,0.00324595,0.99999917
ZFP14,NK,411,0.001130045,0.0040665837,0.9999948
ZFP14,NK Proliferating,25,0.00046250224,0.003185019,0.9999993
ZFP14,Treg,177,-0.00016519545,0.0058576604,0.9999971
ZFP14,unlabeled,132,0.00070291664,0.009461042,0.9999968
ZNF213,CD4 Naive,1257,-0.00075885665,0.005308964,0.999954
ZNF213,CD4 TCM,1134,0.0015717632,0.0056036836,0.9999936
ZNF213,CD8 Naive,1178,-0.00077966147,0.0055985013,0.9999679
ZNF213,CD8 TCM,335,0.0019584117,0.004994918,0.99999934
ZNF213,CD8 TEM,463,0.0010179016,0.0027796356,0.9999996
ZNF213,MAIT,113,0.0005183684,0.002788792,0.9999997
ZNF213,NK,411,0.00094359735,0.0033460076,0.99999696
ZNF213,NK Proliferating,25,0.0005587864,0.00498683,0.9999907
ZNF213,Treg,177,0.0011511135,0.007690039,0.99995244
ZNF213,unlabeled,132,0.0013313555,0.008570379,0.99999714
SP1,CD4 Naive,1257,0.0017021704,0.018616594,0.9999117
SP1,CD4 TCM,1134,0.0067675607,0.025192102,0.9999681
SP1,CD8 Naive,1178,0.0019786106,0.016926149,0.9999461
SP1,CD8 TCM,335,0.007456367,0.020780174,0.99998397
SP1,CD8 TEM,463,0.0058735297,0.013374201,0.9999956
SP1,MAIT,113,0.003857382,0.00886587,0.9999932
SP1,NK,411,0.004776735,0.012929857,0.99998784
SP1,NK Proliferating,25,0.0040264796,0.015802857,0.9999725
SP1,Treg,177,0.0048052045,0.024993816,0.9999417
SP1,unlabeled,132,0.006460727,0.040034298,0.9998004
SP2,CD4 Naive,1257,-0.004594895,0.030655785,0.9997696
SP2,CD4 TCM,1134,-0.0016631822,0.01371978,0.9999705
SP2,CD8 Naive,1178,-0.0036789484,0.024058063,0.9998489
SP2,CD8 TCM,335,0.0011661325,0.0057605165,0.9999827
SP2,CD8 TEM,463,0.0016141989,0.0042271675,0.9999984
SP2,MAIT,113,0.0013916265,0.0041644634,0.999998
SP2,NK,411,0.0014558268,0.0051678233,0.9999949
SP2,NK Proliferating,25,0.000788275,0.0060447888,0.9999978
SP2,Treg,177,-0.0026002282,0.018769855,0.9999881
SP2,unlabeled,132,-0.0011191429,0.012553054,0.99999815
SP4,CD4 Naive,1257,-0.00024499046,0.009784979,0.9999336
SP4,CD4 TCM,1134,0.0026485731,0.009837149,0.999977
SP4,CD8 Naive,1178,8.970648e-05,0.008059004,0.99996084
SP4,CD8 TCM,335,0.004159857,0.009643233,0.9999955
SP4,CD8 TEM,463,0.0034614927,0.0075891814,0.9999976
SP4,MAIT,113,0.0038281458,0.007647607,0.99999434
SP4,NK,411,0.0027412735,0.007452083,0.9999918
SP4,NK Proliferating,25,0.0022916186,0.006815363,0.9999981
SP4,Treg,177,0.00066589384,0.010632677,0.9999202
SP4,unlabeled,132,0.002346261,0.011746442,0.9999957
KLF12,CD4 Naive,1257,-0.001016105,0.015523479,0.99979895
KLF12,CD4 TCM,1134,0.00413343,0.026381128,0.99984777
KLF12,CD8 Naive,1178,-0.00044700134,0.016534857,0.9998114
KLF12,CD8 TCM,335,0.0060220407,0.021548487,0.99992603
KLF12,CD8 TEM,463,0.0052642333,0.017878586,0.99998957
KLF12,MAIT,113,0.0044724834,0.013238772,0.99998564
KLF12,NK,411,0.0039421986,0.017459247,0.9999813
KLF12,NK Proliferating,25,0.003706491,0.01837484,0.999978
KLF12,Treg,177,0.0023821883,0.020601824,0.9998916
KLF12,unlabeled,132,0.0039052118,0.020478126,0.99999136
RFX3,CD4 Naive,1257,-0.003617327,0.020388495,0.99988073
RFX3,CD4 TCM,1134,0.006957318,0.02901222,0.99997103
RFX3,CD8 Naive,1178,-0.002960519,0.02015947,0.9999001
RFX3,CD8 TCM,335,0.010580349,0.029077847,0.9999719
RFX3,CD8 TEM,463,0.008672217,0.020160766,0.9999911
RFX3,MAIT,113,0.0069412747,0.019796452,0.99995035
RFX3,NK,411,0.009622029,0.023856783,0.9999798
RFX3,NK Proliferating,25,0.0071909116,0.024544662,0.999973
RFX3,Treg,177,0.0049943905,0.027326675,0.9998683
RFX3,unlabeled,132,0.008381444,0.051482193,0.99978846
NR1D2,CD4 Naive,1257,0.00094462815,0.0066904416,0.9999734
NR1D2,CD4 TCM,1134,-0.0033769028,0.014579783,0.9999809
NR1D2,CD8 Naive,1178,8.338204e-05,0.0061165923,0.9999774
NR1D2,CD8 TCM,335,-0.008382114,0.02379946,0.9999528
NR1D2,CD8 TEM,463,-0.008909976,0.020773541,0.9999904
NR1D2,MAIT,113,-0.0067304946,0.019974103,0.9999592
NR1D2,NK,411,-0.008138729,0.021097649,0.9999786
NR1D2,NK Proliferating,25,-0.0042229677,0.029302327,0.9997715
NR1D2,Treg,177,-0.0036825857,0.016257957,0.9999612
NR1D2,unlabeled,132,-0.005141158,0.0321204,0.9999903
BACH1,CD4 Naive,1257,-0.002639857,0.019404087,0.9998565
BACH1,CD4 TCM,1134,-0.0072010662,0.032244068,0.99995244
BACH1,CD8 Naive,1178,-0.0029280742,0.018794544,0.9999123
BACH1,CD8 TCM,335,-0.01373402,0.043287817,0.99990946
BACH1,CD8 TEM,463,-0.014360103,0.038832653,0.9999594
BACH1,MAIT,113,-0.011554378,0.04441787,0.9997786
BACH1,NK,411,-0.011401573,0.032957174,0.9999685
BACH1,NK Proliferating,25,-0.008816371,0.04607191,0.99974597
BACH1,Treg,177,-0.0058773123,0.030275194,0.99997973
BACH1,unlabeled,132,-0.006446846,0.041278113,0.9998901
IKZF2,CD4 Naive,1257,-0.0027612068,0.022997227,0.9997884
IKZF2,CD4 TCM,1134,0.0013101128,0.014279741,0.9999665
IKZF2,CD8 Naive,1178,-0.0019804642,0.02088254,0.99981564
IKZF2,CD8 TCM,335,0.0051813177,0.013019289,0.9999945
IKZF2,CD8 TEM,463,0.0046086437,0.009912719,0.99999434
IKZF2,MAIT,113,0.0049053244,0.011437639,0.9999778
IKZF2,NK,411,0.0041913236,0.010517516,0.99998796
IKZF2,NK Proliferating,25,0.0021628202,0.01514085,0.99996924
IKZF2,Treg,177,0.0026401945,0.03166821,0.999765
IKZF2,unlabeled,132,0.003078401,0.022234844,0.99998957
ZBTB11,CD4 Naive,1257,-0.0012945839,0.012482729,0.9999102
ZBTB11,CD4 TCM,1134,-0.0029050217,0.013251165,0.9999761
ZBTB11,CD8 Naive,1178,-0.0021394931,0.015229196,0.99994683
ZBTB11,CD8 TCM,335,-0.0059077768,0.018651174,0.9999893
ZBTB11,CD8 TEM,463,-0.005678317,0.015263697,0.999993
ZBTB11,MAIT,113,-0.0035529463,0.016444882,0.9999708
ZBTB11,NK,411,-0.0065006195,0.018649736,0.9999801
ZBTB11,NK Proliferating,25,-0.0034589923,0.017909463,0.9999795
ZBTB11,Treg,177,-0.004284524,0.025164802,0.99990845
ZBTB11,unlabeled,132,-0.0045326357,0.02881597,0.9999888
ZBTB24,CD4 Naive,1257,0.0011058821,0.0036370535,0.99998116
ZBTB24,CD4 TCM,1134,0.004291194,0.014390766,0.99996704
ZBTB24,CD8 Naive,1178,0.0012771037,0.005303003,0.99998146
ZBTB24,CD8 TCM,335,0.00803057,0.019095749,0.99999255
ZBTB24,CD8 TEM,463,0.0066763638,0.014821357,0.9999928
ZBTB24,MAIT,113,0.0061701406,0.01264089,0.9999858
ZBTB24,NK,411,0.0052961013,0.01391961,0.9999834
ZBTB24,NK Proliferating,25,0.0044507277,0.028933646,0.9997909
ZBTB24,Treg,177,0.0030687768,0.014023969,0.9999081
ZBTB24,unlabeled,132,0.0040221955,0.020104835,0.9999007
PPARA,CD4 Naive,1257,0.0009694746,0.0049229427,0.9999472
PPARA,CD4 TCM,1134,0.0007034795,0.006498015,0.9999448
PPARA,CD8 Naive,1178,0.00050387526,0.0035575542,0.9999739
PPARA,CD8 TCM,335,-4.9723974e-05,0.0030190817,0.9999952
PPARA,CD8 TEM,463,-0.00018383308,0.0032891715,0.9999961
PPARA,MAIT,113,-0.00026308277,0.0054894923,0.999995
PPARA,NK,411,-0.0002603671,0.004801497,0.99998856
PPARA,NK Proliferating,25,0.00015685678,0.0072480254,0.99998945
PPARA,Treg,177,9.293694e-05,0.0032877326,0.9999979
PPARA,unlabeled,132,4.673433e-05,0.0038177732,0.9999979
ZBTB2,CD4 Naive,1257,-0.0023766155,0.012481847,0.9998875
ZBTB2,CD4 TCM,1134,-0.00537153,0.018151823,0.99998635
ZBTB2,CD8 Naive,1178,-0.0025173977,0.010268942,0.9999704
ZBTB2,CD8 TCM,335,-0.010098264,0.027004732,0.9999543
ZBTB2,CD8 TEM,463,-0.009076071,0.019588957,0.99999225
ZBTB2,MAIT,113,-0.007516407,0.016136749,0.999979
ZBTB2,NK,411,-0.010486716,0.024740595,0.9999734
ZBTB2,NK Proliferating,25,-0.0068957186,0.0347632,0.9997588
ZBTB2,Treg,177,-0.006078452,0.02287174,0.99995774
ZBTB2,unlabeled,132,-0.005826225,0.029292906,0.99999225
TBX21,CD4 Naive,1257,0.002440186,0.012934775,0.9999093
TBX21,CD4 TCM,1134,-0.0040796944,0.01946412,0.999975
TBX21,CD8 Naive,1178,0.0013967347,0.010818008,0.9999554
TBX21,CD8 TCM,335,-0.01931992,0.048071425,0.9999366
TBX21,CD8 TEM,463,-0.021347247,0.04200602,0.99996865
TBX21,MAIT,113,-0.01611981,0.043951023,0.9997955
TBX21,NK,411,-0.01938806,0.040458854,0.99993867
TBX21,NK Proliferating,25,-0.009857733,0.046433557,0.9996806
TBX21,Treg,177,-0.0034096744,0.015075729,0.99999446
TBX21,unlabeled,132,-0.006609833,0.048490923,0.999976
ARID3B,CD4 Naive,1257,-0.002083035,0.008488823,0.9999068
ARID3B,CD4 TCM,1134,-0.0008251197,0.0075823027,0.99996793
ARID3B,CD8 Naive,1178,-0.0016132814,0.008278617,0.9999092
ARID3B,CD8 TCM,335,0.00027323587,0.008204329,0.999957
ARID3B,CD8 TEM,463,-3.113538e-05,0.0055719563,0.9999954
ARID3B,MAIT,113,-0.00029355867,0.011741202,0.99998486
ARID3B,NK,411,7.8741505e-05,0.0055548134,0.999996
ARID3B,NK Proliferating,25,-0.0006985283,0.02055158,0.99977964
ARID3B,Treg,177,-0.00030794388,0.0070279296,0.9999942
ARID3B,unlabeled,132,6.503296e-05,0.007408834,0.9999968
ARID5A,CD4 Naive,1257,-0.0005770028,0.0045856703,0.9999642
ARID5A,CD4 TCM,1134,-0.0024348532,0.00988166,0.99998826
ARID5A,CD8 Naive,1178,-0.00091690454,0.0056344094,0.99997306
ARID5A,CD8 TCM,335,-0.0057152803,0.015733957,0.9999947
ARID5A,CD8 TEM,463,-0.00562718,0.013169631,0.9999954
ARID5A,MAIT,113,-0.004482912,0.011062572,0.99998796
ARID5A,NK,411,-0.0050061424,0.013443977,0.99998635
ARID5A,NK Proliferating,25,-0.0038851309,0.017763263,0.9999662
ARID5A,Treg,177,-0.0027032292,0.01130641,0.9999979
ARID5A,unlabeled,132,-0.0032613594,0.017342841,0.9999979
ARNTL,CD4 Naive,1257,0.0001814133,0.0031237726,0.9999836
ARNTL,CD4 TCM,1134,-0.001222319,0.006212158,0.9999944
ARNTL,CD8 Naive,1178,-0.00027254946,0.0039374144,0.99999386
ARNTL,CD8 TCM,335,-0.002784162,0.009080101,0.99997747
ARNTL,CD8 TEM,463,-0.0024736433,0.0064078653,0.9999987
ARNTL,MAIT,113,-0.0019802225,0.0056545907,0.9999968
ARNTL,NK,411,-0.0028986437,0.009304866,0.99998814
ARNTL,NK Proliferating,25,-0.0016856921,0.012546721,0.99997145
ARNTL,Treg,177,-0.0012833207,0.0075898287,0.99999183
ARNTL,unlabeled,132,-0.002079029,0.013116421,0.9999977
ATF2,CD4 Naive,1257,0.0003291411,0.00549093,0.9999671
ATF2,CD4 TCM,1134,-0.0019261957,0.008534547,0.99998707
ATF2,CD8 Naive,1178,0.00025330816,0.00625565,0.9999662
ATF2,CD8 TCM,335,-0.0044671246,0.012246894,0.99999547
ATF2,CD8 TEM,463,-0.0044813305,0.01224291,0.9999955
ATF2,MAIT,113,-0.0024456056,0.009264582,0.99999106
ATF2,NK,411,-0.004310165,0.013978354,0.99998516
ATF2,NK Proliferating,25,-0.0022439193,0.01108331,0.9999951
ATF2,Treg,177,-0.0015563854,0.0069847032,0.99999654
ATF2,unlabeled,132,-0.0022133708,0.016283758,0.9999006
ATF6,CD4 Naive,1257,-0.0006602076,0.0091336435,0.9999326
ATF6,CD4 TCM,1134,-0.0013573326,0.008314735,0.9999802
ATF6,CD8 Naive,1178,-0.0007181599,0.009637359,0.99993825
ATF6,CD8 TCM,335,-0.0015543535,0.007193626,0.99998033
ATF6,CD8 TEM,463,-0.0012313894,0.0042661256,0.99999875
ATF6,MAIT,113,-0.00045381815,0.0044671614,0.99999595
ATF6,NK,411,-0.0017769438,0.006550487,0.99999195
ATF6,NK Proliferating,25,-0.0011054396,0.009233669,0.9999875
ATF6,Treg,177,-0.001062699,0.011720059,0.9999163
ATF6,unlabeled,132,-0.0015912318,0.011999052,0.999999
BACH2,CD4 Naive,1257,-0.0018932283,0.053922083,0.99921066
BACH2,CD4 TCM,1134,-0.012287991,0.06265845,0.9996279
BACH2,CD8 Naive,1178,-0.0024124724,0.07385375,0.9988698
BACH2,CD8 TCM,335,-0.019483313,0.06367461,0.9998477
BACH2,CD8 TEM,463,-0.017914014,0.053135823,0.99993914
BACH2,MAIT,113,-0.01583183,0.050246965,0.9998077
BACH2,NK,411,-0.014689682,0.04794085,0.9999318
BACH2,NK Proliferating,25,-0.011009294,0.063520044,0.99969614
BACH2,Treg,177,-0.009104065,0.07241707,0.99929035
BACH2,unlabeled,132,-0.009127906,0.0760973,0.9994019
BATF,CD4 Naive,1257,-0.00234334,0.011793806,0.9998755
BATF,CD4 TCM,1134,-0.013873854,0.04700753,0.99992657
BATF,CD8 Naive,1178,-0.0025107719,0.0104399035,0.9999384
BATF,CD8 TCM,335,-0.016634256,0.045203976,0.9999169
BATF,CD8 TEM,463,-0.015339659,0.033691768,0.9999746
BATF,MAIT,113,-0.012602107,0.037405975,0.9998461
BATF,NK,411,-0.014538966,0.032818597,0.99996156
BATF,NK Proliferating,25,-0.0105827795,0.052638713,0.99971044
BATF,Treg,177,-0.0099984305,0.036734857,0.99993706
BATF,unlabeled,132,-0.0091630565,0.05534542,0.9998842
JUN,CD4 Naive,1257,-7.558877e-05,0.0068458887,0.9999213
JUN,CD4 TCM,1134,-0.011252956,0.040700603,0.9999406
JUN,CD8 Naive,1178,-0.00069653726,0.007526799,0.999974
JUN,CD8 TCM,335,-0.025713382,0.06673242,0.99990726
JUN,CD8 TEM,463,-0.026831686,0.05689911,0.9999385
JUN,MAIT,113,-0.01990774,0.044969812,0.9998891
JUN,NK,411,-0.022751676,0.05147507,0.9999102
JUN,NK Proliferating,25,-0.014537641,0.06891568,0.99960184
JUN,Treg,177,-0.008650086,0.03492491,0.99993515
JUN,unlabeled,132,-0.009807701,0.068561785,0.99984556
BCL11B,CD4 Naive,1257,-0.0029620407,0.025028743,0.99981004
BCL11B,CD4 TCM,1134,-0.01273665,0.053725794,0.99984455
BCL11B,CD8 Naive,1178,-0.005039947,0.035359018,0.99976903
BCL11B,CD8 TCM,335,-0.029512264,0.08152391,0.9998755
BCL11B,CD8 TEM,463,-0.027037907,0.067799665,0.9999307
BCL11B,MAIT,113,-0.033231325,0.08294216,0.9993575
BCL11B,NK,411,-0.022013731,0.055253327,0.9999347
BCL11B,NK Proliferating,25,-0.016111068,0.07217476,0.9995648
BCL11B,Treg,177,-0.008339881,0.045416895,0.9997482
BCL11B,unlabeled,132,-0.010792251,0.06258903,0.99977946
BHLHE40,CD4 Naive,1257,-0.00023481043,0.0074148476,0.9999588
BHLHE40,CD4 TCM,1134,-0.00022822639,0.0046049813,0.9999944
BHLHE40,CD8 Naive,1178,-0.00017251195,0.005523679,0.999976
BHLHE40,CD8 TCM,335,0.00067340635,0.0039246725,0.9999781
BHLHE40,CD8 TEM,463,0.0008623722,0.0052146623,0.99999475
BHLHE40,MAIT,113,0.0013676144,0.0068447604,0.9999896
BHLHE40,NK,411,0.0012094458,0.0076235454,0.99998754
BHLHE40,NK Proliferating,25,0.0009928346,0.011986165,0.9999366
BHLHE40,Treg,177,0.00044180933,0.007813723,0.99996036
BHLHE40,unlabeled,132,-5.3326967e-05,0.005939576,0.99999654
BNC2,CD4 Naive,1257,-0.0012510353,0.0158736,0.9999161
BNC2,CD4 TCM,1134,-0.011470284,0.049450018,0.999951
BNC2,CD8 Naive,1178,-0.0021205933,0.019314842,0.9999451
BNC2,CD8 TCM,335,-0.023699557,0.0773099,0.9998052
BNC2,CD8 TEM,463,-0.024779849,0.06446012,0.9999073
BNC2,MAIT,113,-0.01915951,0.08060176,0.9992599
BNC2,NK,411,-0.020189263,0.049283966,0.99991536
BNC2,NK Proliferating,25,-0.012642007,0.07064987,0.999618
BNC2,Treg,177,-0.009695584,0.04902019,0.99992675
BNC2,unlabeled,132,-0.010633673,0.08004898,0.9997658
CLOCK,CD4 Naive,1257,-0.0011964414,0.011359942,0.9999255
CLOCK,CD4 TCM,1134,-0.0062912717,0.021959322,0.9999774
CLOCK,CD8 Naive,1178,-0.0013595901,0.012600058,0.99993545
CLOCK,CD8 TCM,335,-0.0116771255,0.03101329,0.9999509
CLOCK,CD8 TEM,463,-0.009846406,0.021844147,0.9999912
CLOCK,MAIT,113,-0.011151643,0.025492862,0.9999422
CLOCK,NK,411,-0.0100529315,0.024660168,0.9999735
CLOCK,NK Proliferating,25,-0.007446754,0.034318145,0.9997741
CLOCK,Treg,177,-0.005216505,0.022548145,0.999923
CLOCK,unlabeled,132,-0.005699724,0.031871963,0.99989784
CREB1,CD4 Naive,1257,-0.0012514518,0.0057198782,0.9999433
CREB1,CD4 TCM,1134,-0.0006471721,0.0051831636,0.9999732
CREB1,CD8 Naive,1178,-0.0010665086,0.005964925,0.9999484
CREB1,CD8 TCM,335,-0.0011501922,0.004436396,0.99999744
CREB1,CD8 TEM,463,-0.0016317406,0.004824746,0.9999976
CREB1,MAIT,113,-0.0006310993,0.008527519,0.99999326
CREB1,NK,411,-0.0013977152,0.0060086176,0.99999154
CREB1,NK Proliferating,25,-0.0011735713,0.01100969,0.9999686
CREB1,Treg,177,-0.0003412068,0.0053296243,0.9999892
CREB1,unlabeled,132,-0.00038253018,0.0045707873,0.99999905
CREM,CD4 Naive,1257,-0.0005798766,0.011328294,0.9999095
CREM,CD4 TCM,1134,-0.001029738,0.009089808,0.9999493
CREM,CD8 Naive,1178,-0.0009423901,0.012173853,0.9999312
CREM,CD8 TCM,335,-0.0032943313,0.011493577,0.9999557
CREM,CD8 TEM,463,-0.0037166944,0.009072976,0.99999696
CREM,MAIT,113,-0.0032220962,0.007257738,0.9999949
CREM,NK,411,-0.003221698,0.010685955,0.9999848
CREM,NK Proliferating,25,-0.001897043,0.009355295,0.99998283
CREM,Treg,177,-0.0009644826,0.009586321,0.9999552
CREM,unlabeled,132,-0.0017940614,0.011288553,0.9999979
CTCF,CD4 Naive,1257,-0.0034192293,0.018963514,0.99984795
CTCF,CD4 TCM,1134,0.004603596,0.020937962,0.99996835
CTCF,CD8 Naive,1178,-0.0027068309,0.018749975,0.9998708
CTCF,CD8 TCM,335,0.011183774,0.026058171,0.99997103
CTCF,CD8 TEM,463,0.007962625,0.016461322,0.9999938
CTCF,MAIT,113,0.008334844,0.016690494,0.9999784
CTCF,NK,411,0.007267032,0.017373936,0.9999829
CTCF,NK Proliferating,25,0.0062986873,0.01648402,0.99999154
CTCF,Treg,177,0.003927582,0.02247991,0.99994916
CTCF,unlabeled,132,0.0053862683,0.02600049,0.9999914
CUX1,CD4 Naive,1257,-0.0019244177,0.009931451,0.99989825
CUX1,CD4 TCM,1134,0.00075713155,0.006551533,0.99999785
CUX1,CD8 Naive,1178,-0.0014233362,0.0069027087,0.99997365
CUX1,CD8 TCM,335,0.0029375856,0.008298977,0.9999798
CUX1,CD8 TEM,463,0.0024043794,0.004897103,0.9999988
CUX1,MAIT,113,0.0018877956,0.0041400306,0.99999917
CUX1,NK,411,0.002198413,0.0051545124,0.9999969
CUX1,NK Proliferating,25,0.0013545477,0.013106134,0.99996316
CUX1,Treg,177,0.0010546192,0.006988287,0.9999963
CUX1,unlabeled,132,0.0018457237,0.013243596,0.9999962
E2F3,CD4 Naive,1257,0.006822609,0.032109052,0.9997518
E2F3,CD4 TCM,1134,-0.0032608598,0.024409171,0.99996644
E2F3,CD8 Naive,1178,0.005327716,0.02705795,0.99983305
E2F3,CD8 TCM,335,-0.010699839,0.030449199,0.9999643
E2F3,CD8 TEM,463,-0.009266672,0.02181436,0.9999908
E2F3,MAIT,113,-0.0077083255,0.01917698,0.99996483
E2F3,NK,411,-0.009944041,0.02484833,0.9999764
E2F3,NK Proliferating,25,-0.007379124,0.039131917,0.9997537
E2F3,Treg,177,-0.0035999091,0.029671637,0.9999443
E2F3,unlabeled,132,-0.004476431,0.035687782,0.9999872
ELF1,CD4 Naive,1257,0.00057372835,0.006645539,0.99994755
ELF1,CD4 TCM,1134,-0.00014437771,0.0068827746,0.9999673
ELF1,CD8 Naive,1178,0.00038545896,0.0066868286,0.9999467
ELF1,CD8 TCM,335,0.00032915,0.0053529106,0.9999907
ELF1,CD8 TEM,463,0.00022655867,0.005109659,0.99999523
ELF1,MAIT,113,2.7179718e-05,0.005649464,0.9999946
ELF1,NK,411,-0.00036492705,0.0073274323,0.99998933
ELF1,NK Proliferating,25,0.00027441263,0.011090186,0.9999844
ELF1,Treg,177,-5.351672e-05,0.011122286,0.9999055
ELF1,unlabeled,132,-0.0004425464,0.0068390397,0.99999493
ELF2,CD4 Naive,1257,-0.0030151661,0.018305883,0.999792
ELF2,CD4 TCM,1134,-0.0019078244,0.009296674,0.9999633
ELF2,CD8 Naive,1178,-0.0023808621,0.013371669,0.99986726
ELF2,CD8 TCM,335,-0.000572272,0.0041543934,0.99998194
ELF2,CD8 TEM,463,-0.00011075805,0.003198323,0.99999833
ELF2,MAIT,113,-0.00079092936,0.004100153,0.9999983
ELF2,NK,411,-2.8102937e-05,0.005670639,0.99999315
ELF2,NK Proliferating,25,-0.0014211058,0.019555511,0.99979097
ELF2,Treg,177,-0.0019456891,0.008841614,0.999995
ELF2,unlabeled,132,-0.0005727365,0.007871073,0.9999986
ELK3,CD4 Naive,1257,5.8520738e-05,0.0049260156,0.9999738
ELK3,CD4 TCM,1134,-0.0028686363,0.010588396,0.9999959
ELK3,CD8 Naive,1178,0.00018421364,0.0040320703,0.99999493
ELK3,CD8 TCM,335,-0.005073575,0.013691159,0.9999962
ELK3,CD8 TEM,463,-0.004689194,0.011009966,0.9999969
ELK3,MAIT,113,-0.003874439,0.009494723,0.9999904
ELK3,NK,411,-0.0059743393,0.015198774,0.9999867
ELK3,NK Proliferating,25,-0.0041441633,0.029352915,0.99976736
ELK3,Treg,177,-0.002997117,0.01380136,0.9999957
ELK3,unlabeled,132,-0.0024144435,0.015488357,0.99999756
ELK4,CD4 Naive,1257,0.0011237587,0.004571179,0.99998504
ELK4,CD4 TCM,1134,-0.0004582263,0.003922339,0.99998987
ELK4,CD8 Naive,1178,0.0008808577,0.0050302898,0.99996954
ELK4,CD8 TCM,335,-0.0012567047,0.0036767828,0.9999993
ELK4,CD8 TEM,463,-0.0013453416,0.004104557,0.9999981
ELK4,MAIT,113,-0.0010011455,0.003339412,0.9999995
ELK4,NK,411,-0.0020696614,0.0073629655,0.99998873
ELK4,NK Proliferating,25,-0.0006700397,0.013451575,0.99996674
ELK4,Treg,177,-0.0004209066,0.004059913,0.99999964
ELK4,unlabeled,132,-0.0007246315,0.007768706,0.99999887
FOXO1,CD4 Naive,1257,-0.002410916,0.012735425,0.9998555
FOXO1,CD4 TCM,1134,-0.0028874953,0.012045845,0.9999522
FOXO1,CD8 Naive,1178,-0.0017362447,0.009862231,0.9999202
FOXO1,CD8 TCM,335,-0.0006676879,0.0061914036,0.99997675
FOXO1,CD8 TEM,463,-3.880494e-05,0.004905508,0.99999547
FOXO1,MAIT,113,-0.0006983497,0.006107468,0.9999844
FOXO1,NK,411,0.00015757474,0.005718958,0.99999255
FOXO1,NK Proliferating,25,-0.00066764356,0.007885151,0.99999446
FOXO1,Treg,177,-0.0011338195,0.013019674,0.9999214
FOXO1,unlabeled,132,-0.0003926176,0.00737612,0.99999535
MAX,CD4 Naive,1257,0.001346081,0.010999543,0.99993145
MAX,CD4 TCM,1134,0.0010283367,0.0080219135,0.9999709
MAX,CD8 Naive,1178,0.0006988853,0.0087201195,0.9999491
MAX,CD8 TCM,335,-0.0011364816,0.0040560625,0.999998
MAX,CD8 TEM,463,-0.0015090932,0.0044593206,0.99999803
MAX,MAIT,113,-0.0013057964,0.0043055504,0.99999624
MAX,NK,411,-0.0013610994,0.004957456,0.99999446
MAX,NK Proliferating,25,-0.00021885872,0.0051612104,0.99999803
MAX,Treg,177,0.00069083384,0.007872893,0.9999888
MAX,unlabeled,132,-0.000336004,0.00753834,0.99999815
ESRRA,CD4 Naive,1257,-1.9106039e-05,0.0021483104,0.9999847
ESRRA,CD4 TCM,1134,-0.0003397703,0.003263217,0.9999925
ESRRA,CD8 Naive,1178,-2.0119553e-05,0.0022025306,0.99999255
ESRRA,CD8 TCM,335,-0.0013210241,0.0043405304,0.9999988
ESRRA,CD8 TEM,463,-0.0012139447,0.003183647,0.9999996
ESRRA,MAIT,113,-0.0013296414,0.006013722,0.9999953
ESRRA,NK,411,-0.0010452357,0.003379668,0.99999577
ESRRA,NK Proliferating,25,-0.0005011916,0.0042050923,0.9999971
ESRRA,Treg,177,0.00015912521,0.0038652413,0.999961
ESRRA,unlabeled,132,-0.0004909917,0.0044530155,0.9999993
ETS1,CD4 Naive,1257,-0.0031033251,0.018271364,0.99987435
ETS1,CD4 TCM,1134,-0.004953573,0.02341401,0.9999187
ETS1,CD8 Naive,1178,-0.0034571213,0.018889539,0.99990237
ETS1,CD8 TCM,335,-0.010781974,0.030626964,0.9999786
ETS1,CD8 TEM,463,-0.0095402375,0.02420154,0.99998736
ETS1,MAIT,113,-0.00809028,0.021773249,0.9999513
ETS1,NK,411,-0.010292049,0.027695246,0.9999716
ETS1,NK Proliferating,25,-0.0075756526,0.042518698,0.9997326
ETS1,Treg,177,-0.0058913636,0.033929117,0.99982285
ETS1,unlabeled,132,-0.005452925,0.027785689,0.99999017
ETV6,CD4 Naive,1257,0.00064118474,0.010110821,0.999952
ETV6,CD4 TCM,1134,-0.0014576169,0.009911012,0.99997705
ETV6,CD8 Naive,1178,0.0002972172,0.009878551,0.9999665
ETV6,CD8 TCM,335,-0.0066873557,0.0151986405,0.9999767
ETV6,CD8 TEM,463,-0.006903517,0.014483882,0.99999356
ETV6,MAIT,113,-0.0058319513,0.013165666,0.99999505
ETV6,NK,411,-0.007832254,0.019257015,0.99997497
ETV6,NK Proliferating,25,-0.0045297756,0.036331907,0.9997104
ETV6,Treg,177,-0.002099348,0.010749741,0.99999446
ETV6,unlabeled,132,-0.0024747844,0.017260332,0.99999493
FLI1,CD4 Naive,1257,-0.003928392,0.01907762,0.999852
FLI1,CD4 TCM,1134,-0.0032444664,0.012809854,0.9999618
FLI1,CD8 Naive,1178,-0.0042181867,0.01815044,0.99990517
FLI1,CD8 TCM,335,-0.0033407887,0.012211372,0.9999395
FLI1,CD8 TEM,463,-0.0027727778,0.008870327,0.9999918
FLI1,MAIT,113,-0.0017455706,0.012377397,0.99998784
FLI1,NK,411,-0.003294856,0.012698032,0.9999783
FLI1,NK Proliferating,25,-0.0025876153,0.03803127,0.99969816
FLI1,Treg,177,-0.0035255204,0.014804109,0.99998534
FLI1,unlabeled,132,-0.0038009353,0.017125756,0.99999225
FOS,CD4 Naive,1257,-0.0054585487,0.04019239,0.9995866
FOS,CD4 TCM,1134,-0.01859964,0.07280442,0.99980044
FOS,CD8 Naive,1178,-0.005879226,0.040935524,0.9996536
FOS,CD8 TCM,335,-0.024873206,0.066034354,0.999871
FOS,CD8 TEM,463,-0.024455408,0.049645938,0.99995863
FOS,MAIT,113,-0.021787357,0.043420896,0.99987346
FOS,NK,411,-0.019498615,0.04322184,0.99993086
FOS,NK Proliferating,25,-0.016739607,0.071719654,0.9996178
FOS,Treg,177,-0.013144628,0.058711104,0.9998154
FOS,unlabeled,132,-0.013151185,0.077315345,0.9996516
FOSL2,CD4 Naive,1257,-0.00547874,0.030099357,0.9997809
FOSL2,CD4 TCM,1134,-0.010240109,0.03724609,0.9999197
FOSL2,CD8 Naive,1178,-0.0062345234,0.031522736,0.99981016
FOSL2,CD8 TCM,335,-0.016090726,0.037178963,0.999951
FOSL2,CD8 TEM,463,-0.016514024,0.030744607,0.9999793
FOSL2,MAIT,113,-0.017985879,0.03422723,0.9999592
FOSL2,NK,411,-0.012494707,0.026416272,0.9999568
FOSL2,NK Proliferating,25,-0.011077494,0.04808526,0.9996738
FOSL2,Treg,177,-0.007940519,0.032285485,0.99994296
FOSL2,unlabeled,132,-0.00804475,0.03901759,0.9998058
FOXJ3,CD4 Naive,1257,0.00093250535,0.008136258,0.99992734
FOXJ3,CD4 TCM,1134,0.004834718,0.018332107,0.99993885
FOXJ3,CD8 Naive,1178,0.0009639866,0.0076350146,0.9999575
FOXJ3,CD8 TCM,335,0.00595498,0.01569804,0.99999315
FOXJ3,CD8 TEM,463,0.0042620036,0.010807361,0.99999523
FOXJ3,MAIT,113,0.0039936607,0.010260158,0.99998796
FOXJ3,NK,411,0.0041401973,0.01287615,0.9999859
FOXJ3,NK Proliferating,25,0.0034055745,0.009690512,0.9999962
FOXJ3,Treg,177,0.004170164,0.018182572,0.99993604
FOXJ3,unlabeled,132,0.0052392203,0.025733,0.9999942
FOXK1,CD4 Naive,1257,-0.0006410889,0.007131122,0.99993783
FOXK1,CD4 TCM,1134,-0.0014238547,0.01137425,0.99995244
FOXK1,CD8 Naive,1178,-0.0001871593,0.0059625614,0.9999554
FOXK1,CD8 TCM,335,-0.0005017526,0.0066562323,0.99994224
FOXK1,CD8 TEM,463,0.00016229128,0.0024049962,0.99999887
FOXK1,MAIT,113,-0.00052292156,0.0041039996,0.99999714
FOXK1,NK,411,0.00030421588,0.00373424,0.9999963
FOXK1,NK Proliferating,25,-0.0004423523,0.0055175354,0.9999968
FOXK1,Treg,177,-8.225104e-05,0.006947315,0.99995846
FOXK1,unlabeled,132,0.00042268183,0.0060023754,0.9999985
FOXK2,CD4 Naive,1257,0.00048533155,0.0057022334,0.99993813
FOXK2,CD4 TCM,1134,-1.2645987e-05,0.0064411103,0.9999789
FOXK2,CD8 Naive,1178,0.0007748281,0.005321828,0.9999515
FOXK2,CD8 TCM,335,0.0007460724,0.0037458306,0.9999898
FOXK2,CD8 TEM,463,0.00083256804,0.0021562253,0.99999887
FOXK2,MAIT,113,-0.00045009842,0.004468519,0.9999973
FOXK2,NK,411,0.0006559486,0.0034047484,0.9999951
FOXK2,NK Proliferating,25,-0.000100849866,0.0075316806,0.99998945
FOXK2,Treg,177,0.0011539803,0.00650338,0.99995226
FOXK2,unlabeled,132,0.0019150442,0.009893367,0.99999076
FOXO3,CD4 Naive,1257,-0.00017203524,0.004061871,0.9999509
FOXO3,CD4 TCM,1134,-0.0015163695,0.006011646,0.9999874
FOXO3,CD8 Naive,1178,-0.00023753506,0.0031564082,0.99997365
FOXO3,CD8 TCM,335,-0.002367429,0.0071190847,0.999998
FOXO3,CD8 TEM,463,-0.0020809807,0.0070243008,0.9999985
FOXO3,MAIT,113,-0.0031196855,0.008250674,0.9999945
FOXO3,NK,411,-0.0017242931,0.0074708313,0.99999356
FOXO3,NK Proliferating,25,-0.0018062186,0.011763122,0.9999784
FOXO3,Treg,177,-0.00011627974,0.0053532585,0.99998623
FOXO3,unlabeled,132,-0.00038813302,0.0066897506,0.999903
FOXP1,CD4 Naive,1257,-0.0004743475,0.028195111,0.9996406
FOXP1,CD4 TCM,1134,0.000121881036,0.025657704,0.999782
FOXP1,CD8 Naive,1178,2.7000651e-05,0.033117045,0.9996226
FOXP1,CD8 TCM,335,0.0017917883,0.016137298,0.9999326
FOXP1,CD8 TEM,463,0.0011336255,0.01000931,0.9999874
FOXP1,MAIT,113,0.0012411523,0.015166379,0.9999679
FOXP1,NK,411,0.0011341703,0.013288496,0.9999759
FOXP1,NK Proliferating,25,0.00061494706,0.056070212,0.99930555
FOXP1,Treg,177,0.0012335725,0.033143323,0.9997026
FOXP1,unlabeled,132,0.001394934,0.035627935,0.9996242
GABPA,CD4 Naive,1257,-0.0010412708,0.005675933,0.999939
GABPA,CD4 TCM,1134,-0.0049052117,0.017210912,0.9999665
GABPA,CD8 Naive,1178,-0.0016271876,0.006790429,0.9999712
GABPA,CD8 TCM,335,-0.012791399,0.032642286,0.99996066
GABPA,CD8 TEM,463,-0.0107279,0.023885047,0.99998546
GABPA,MAIT,113,-0.0143466145,0.033192143,0.99988854
GABPA,NK,411,-0.010422309,0.025381804,0.9999719
GABPA,NK Proliferating,25,-0.0072275545,0.034613535,0.99977076
GABPA,Treg,177,-0.0041675023,0.017351374,0.9998838
GABPA,unlabeled,132,-0.004450564,0.022461055,0.99999446
GATA3,CD4 Naive,1257,-0.0013098611,0.01525171,0.99991727
GATA3,CD4 TCM,1134,-0.005232884,0.023637401,0.99998254
GATA3,CD8 Naive,1178,-0.0017570526,0.016345382,0.99994755
GATA3,CD8 TCM,335,-0.0064756693,0.023444371,0.9999497
GATA3,CD8 TEM,463,-0.005222411,0.014239849,0.9999938
GATA3,MAIT,113,-0.004585486,0.022954047,0.99994147
GATA3,NK,411,-0.0040750913,0.012018356,0.99998915
GATA3,NK Proliferating,25,-0.0031334234,0.014636006,0.9999878
GATA3,Treg,177,-0.0045662443,0.02758224,0.99991554
GATA3,unlabeled,132,-0.0057499143,0.03984736,0.9998947
GMEB1,CD4 Naive,1257,0.00042853443,0.0049539986,0.99994385
GMEB1,CD4 TCM,1134,0.0009409078,0.0046871314,0.99997807
GMEB1,CD8 Naive,1178,0.0005253158,0.0044176746,0.9999768
GMEB1,CD8 TCM,335,0.0011746802,0.003249678,0.9999991
GMEB1,CD8 TEM,463,0.0010561275,0.0028615613,0.9999992
GMEB1,MAIT,113,0.0015770824,0.004129927,0.99999946
GMEB1,NK,411,0.0013685566,0.004660999,0.99999297
GMEB1,NK Proliferating,25,0.00092950225,0.004403125,0.9999902
GMEB1,Treg,177,0.00056590873,0.0031004283,0.999999
GMEB1,unlabeled,132,0.0006153091,0.006509696,0.999898
TCF3,CD4 Naive,1257,0.0031895367,0.018287076,0.99987763
TCF3,CD4 TCM,1134,0.005847881,0.018645572,0.9999733
TCF3,CD8 Naive,1178,0.004270102,0.020660415,0.9998904
TCF3,CD8 TCM,335,0.011480962,0.02647611,0.99997926
TCF3,CD8 TEM,463,0.0057902695,0.012219564,0.9999962
TCF3,MAIT,113,0.009411685,0.01708873,0.99998504
TCF3,NK,411,0.0044078813,0.011130489,0.99999285
TCF3,NK Proliferating,25,0.0046392335,0.020428538,0.9998751
TCF3,Treg,177,0.006213952,0.025158249,0.9999107
TCF3,unlabeled,132,0.0069649653,0.037001196,0.99980277
HIF1A,CD4 Naive,1257,0.0022826293,0.013055505,0.9998824
HIF1A,CD4 TCM,1134,0.005912934,0.021925507,0.9999498
HIF1A,CD8 Naive,1178,0.0033383688,0.017019741,0.99986964
HIF1A,CD8 TCM,335,0.010794469,0.027707567,0.99997395
HIF1A,CD8 TEM,463,0.008551119,0.018231299,0.99999064
HIF1A,MAIT,113,0.0078624105,0.017463138,0.9999628
HIF1A,NK,411,0.009045128,0.021334883,0.9999773
HIF1A,NK Proliferating,25,0.0061242427,0.027943544,0.9998648
HIF1A,Treg,177,0.0051307464,0.025584238,0.9998155
HIF1A,unlabeled,132,0.0076691583,0.045593154,0.99976003
HMBOX1,CD4 Naive,1257,0.00012979134,0.007395027,0.9999395
HMBOX1,CD4 TCM,1134,0.009173962,0.029961508,0.99996674
HMBOX1,CD8 Naive,1178,0.0017819334,0.013563921,0.9998852
HMBOX1,CD8 TCM,335,0.016570477,0.041976884,0.9999581
HMBOX1,CD8 TEM,463,0.014809896,0.032976035,0.9999796
HMBOX1,MAIT,113,0.010737274,0.023613513,0.9999436
HMBOX1,NK,411,0.013649402,0.03279631,0.99996275
HMBOX1,NK Proliferating,25,0.009999874,0.0376541,0.9998447
HMBOX1,Treg,177,0.007694794,0.03243376,0.99986243
HMBOX1,unlabeled,132,0.010451959,0.05708675,0.9997845
IKZF1,CD4 Naive,1257,-0.0002565496,0.0054061753,0.9999611
IKZF1,CD4 TCM,1134,-0.003948599,0.014232894,0.99998707
IKZF1,CD8 Naive,1178,-0.0012840725,0.0066769137,0.9999764
IKZF1,CD8 TCM,335,-0.011353962,0.031156482,0.9999483
IKZF1,CD8 TEM,463,-0.009136443,0.021921191,0.9999913
IKZF1,MAIT,113,-0.010488658,0.025704186,0.9999327
IKZF1,NK,411,-0.009572133,0.025177123,0.9999752
IKZF1,NK Proliferating,25,-0.0061682616,0.04306497,0.9996931
IKZF1,Treg,177,-0.0039762133,0.015825916,0.99995756
IKZF1,unlabeled,132,-0.0053278334,0.029968128,0.9999904
IKZF3,CD4 Naive,1257,0.0009582142,0.01247391,0.99988484
IKZF3,CD4 TCM,1134,-0.0026543334,0.018976709,0.99992627
IKZF3,CD8 Naive,1178,0.00013185747,0.02018606,0.99984705
IKZF3,CD8 TCM,335,-0.0106597105,0.033184387,0.99992055
IKZF3,CD8 TEM,463,-0.010393151,0.02452557,0.9999764
IKZF3,MAIT,113,-0.011896218,0.03777191,0.9998378
IKZF3,NK,411,-0.009355636,0.02575491,0.9999584
IKZF3,NK Proliferating,25,-0.0052361144,0.048548266,0.99962926
IKZF3,Treg,177,-0.0022648412,0.021924844,0.9998956
IKZF3,unlabeled,132,-0.0035837302,0.028932422,0.999963
IRF1,CD4 Naive,1257,0.00089671975,0.006893745,0.9999278
IRF1,CD4 TCM,1134,0.006174118,0.02092945,0.99997866
IRF1,CD8 Naive,1178,0.0012136068,0.0071489047,0.9999623
IRF1,CD8 TCM,335,0.009532965,0.026448628,0.9999812
IRF1,CD8 TEM,463,0.00759754,0.020124644,0.9999867
IRF1,MAIT,113,0.005056155,0.018908268,0.9999593
IRF1,NK,411,0.008321696,0.022811765,0.99998105
IRF1,NK Proliferating,25,0.006033901,0.03803795,0.9998183
IRF1,Treg,177,0.005131638,0.023255577,0.9999084
IRF1,unlabeled,132,0.0063888254,0.039738644,0.9997982
IRF2,CD4 Naive,1257,-0.00085323106,0.010053228,0.99992347
IRF2,CD4 TCM,1134,-0.0007907187,0.0052708723,0.9999901
IRF2,CD8 Naive,1178,-0.0006150939,0.006202688,0.9999784
IRF2,CD8 TCM,335,-0.003937685,0.008653965,0.9999964
IRF2,CD8 TEM,463,-0.0041417694,0.008588495,0.9999955
IRF2,MAIT,113,-0.0035708821,0.012563599,0.9999935
IRF2,NK,411,-0.0034817993,0.0100688785,0.999985
IRF2,NK Proliferating,25,-0.0037122094,0.036043588,0.9997046
IRF2,Treg,177,-0.0004723601,0.008376336,0.9999295
IRF2,unlabeled,132,-0.00053730136,0.0066313935,0.99999744
IRF3,CD4 Naive,1257,-0.0041395086,0.02602648,0.99977636
IRF3,CD4 TCM,1134,-0.0050330674,0.022510555,0.9999195
IRF3,CD8 Naive,1178,-0.002989093,0.019516338,0.9998492
IRF3,CD8 TCM,335,-0.005821104,0.018067786,0.99995637
IRF3,CD8 TEM,463,-0.0048421146,0.011724659,0.99999464
IRF3,MAIT,113,-0.0045176977,0.011019553,0.9999872
IRF3,NK,411,-0.004532189,0.013097349,0.9999829
IRF3,NK Proliferating,25,-0.004769155,0.028380165,0.99977076
IRF3,Treg,177,-0.0031653347,0.018222298,0.9999107
IRF3,unlabeled,132,-0.0032419057,0.015029306,0.999997
IRF4,CD4 Naive,1257,-0.0013489181,0.00906966,0.99991065
IRF4,CD4 TCM,1134,-0.0047183703,0.017055433,0.99996984
IRF4,CD8 Naive,1178,-0.0006051521,0.0035390728,0.9999854
IRF4,CD8 TCM,335,-0.00398312,0.010096332,0.9999967
IRF4,CD8 TEM,463,-0.0029917108,0.005984653,0.9999982
IRF4,MAIT,113,-0.0019481609,0.005713021,0.9999988
IRF4,NK,411,-0.003362784,0.008669386,0.9999876
IRF4,NK Proliferating,25,-0.0037369537,0.01694768,0.99996513
IRF4,Treg,177,-0.0026025586,0.01156574,0.99999154
IRF4,unlabeled,132,-0.002143164,0.012862766,0.9999844
KLF13,CD4 Naive,1257,-0.0010354604,0.014704166,0.99987996
KLF13,CD4 TCM,1134,-1.4108273e-06,0.0067678187,0.9999836
KLF13,CD8 Naive,1178,-0.00092391024,0.013568706,0.9999196
KLF13,CD8 TCM,335,0.0012399533,0.0040201303,0.9999976
KLF13,CD8 TEM,463,0.0012537135,0.0050852494,0.9999955
KLF13,MAIT,113,0.001314898,0.006823044,0.9999958
KLF13,NK,411,0.0011044054,0.007134831,0.9999871
KLF13,NK Proliferating,25,0.0008065581,0.007825776,0.999994
KLF13,Treg,177,-0.000523004,0.011379296,0.9999588
KLF13,unlabeled,132,0.00012249364,0.00784304,0.9999963
KLF2,CD4 Naive,1257,0.004462174,0.03428297,0.99983394
KLF2,CD4 TCM,1134,0.010445184,0.040504508,0.9999531
KLF2,CD8 Naive,1178,0.0052371672,0.03428319,0.99988246
KLF2,CD8 TCM,335,0.013557833,0.038900428,0.9999736
KLF2,CD8 TEM,463,0.013312225,0.033542078,0.9999755
KLF2,MAIT,113,0.008000236,0.02300479,0.999946
KLF2,NK,411,0.008845715,0.023239516,0.9999816
KLF2,NK Proliferating,25,0.0073376596,0.036218543,0.9998303
KLF2,Treg,177,0.009148711,0.04672711,0.99989873
KLF2,unlabeled,132,0.011546984,0.06449535,0.999785
KLF3,CD4 Naive,1257,-0.0037717812,0.033631913,0.99975663
KLF3,CD4 TCM,1134,0.004239219,0.02187428,0.9999776
KLF3,CD8 Naive,1178,-0.0019278304,0.025092069,0.9998458
KLF3,CD8 TCM,335,0.009215918,0.021636605,0.9999852
KLF3,CD8 TEM,463,0.008836685,0.018372696,0.9999917
KLF3,MAIT,113,0.005007241,0.010250944,0.9999834
KLF3,NK,411,0.0061536524,0.01471044,0.9999853
KLF3,NK Proliferating,25,0.00493853,0.015549676,0.9999903
KLF3,Treg,177,0.0031636637,0.021894544,0.9999171
KLF3,unlabeled,132,0.0064263265,0.033708945,0.9999839
KLF6,CD4 Naive,1257,-0.00070622633,0.01985148,0.99981266
KLF6,CD4 TCM,1134,-0.0019205697,0.026667913,0.9998205
KLF6,CD8 Naive,1178,-0.0006424728,0.017077276,0.999897
KLF6,CD8 TCM,335,-0.0018009403,0.016987562,0.99990124
KLF6,CD8 TEM,463,-0.0011079711,0.01329651,0.99998105
KLF6,MAIT,113,-0.0012150455,0.01006712,0.99998516
KLF6,NK,411,-0.00069746166,0.013137464,0.9999758
KLF6,NK Proliferating,25,-0.0010694802,0.03155129,0.99975365
KLF6,Treg,177,-0.0016483377,0.019503241,0.9999655
KLF6,unlabeled,132,-0.001310248,0.021629427,0.9998484
KLF7,CD4 Naive,1257,0.0011308969,0.0061445627,0.99996233
KLF7,CD4 TCM,1134,0.005465363,0.01695711,0.99997824
KLF7,CD8 Naive,1178,0.0018371355,0.008635968,0.99995667
KLF7,CD8 TCM,335,0.008972839,0.021611543,0.9999843
KLF7,CD8 TEM,463,0.008494506,0.018348595,0.9999924
KLF7,MAIT,113,0.005522262,0.012990692,0.99997437
KLF7,NK,411,0.0059208544,0.014535832,0.99998754
KLF7,NK Proliferating,25,0.004940865,0.022810709,0.9998716
KLF7,Treg,177,0.004014625,0.016385484,0.9999125
KLF7,unlabeled,132,0.006553121,0.03415078,0.99980277
KLF9,CD4 Naive,1257,0.0019559176,0.013862048,0.99989533
KLF9,CD4 TCM,1134,0.005828868,0.02213695,0.99997836
KLF9,CD8 Naive,1178,0.0017521563,0.010884864,0.9999683
KLF9,CD8 TCM,335,0.0061290683,0.017321661,0.99999225
KLF9,CD8 TEM,463,0.005323542,0.012642854,0.99999446
KLF9,MAIT,113,0.005131662,0.012081861,0.99998915
KLF9,NK,411,0.0033044934,0.010078651,0.99998736
KLF9,NK Proliferating,25,0.0034033977,0.02191944,0.9997891
KLF9,Treg,177,0.0036295336,0.018646967,0.99994767
KLF9,unlabeled,132,0.003876771,0.026540799,0.99985
LEF1,CD4 Naive,1257,-0.003439201,0.055861,0.9991927
LEF1,CD4 TCM,1134,0.0032915315,0.057220366,0.9993365
LEF1,CD8 Naive,1178,-0.0014816812,0.074627794,0.9988673
LEF1,CD8 TCM,335,0.008872312,0.03347293,0.9998116
LEF1,CD8 TEM,463,0.004927076,0.012515746,0.9999854
LEF1,MAIT,113,0.0060339277,0.01467282,0.99996907
LEF1,NK,411,0.0049144165,0.0148335295,0.99997306
LEF1,NK Proliferating,25,0.0038613535,0.042858385,0.9992228
LEF1,Treg,177,0.0027166177,0.065311946,0.9991202
LEF1,unlabeled,132,0.0057957843,0.082793206,0.99889857
MEF2A,CD4 Naive,1257,0.0014990622,0.0069146706,0.99990326
MEF2A,CD4 TCM,1134,-0.0007183146,0.006152078,0.99998534
MEF2A,CD8 Naive,1178,0.0021253894,0.0071093603,0.99996406
MEF2A,CD8 TCM,335,-0.0029495463,0.009708654,0.9999808
MEF2A,CD8 TEM,463,-0.0033897043,0.008165803,0.99999684
MEF2A,MAIT,113,-0.0031696532,0.009177955,0.99998987
MEF2A,NK,411,-0.0028120985,0.008042582,0.9999898
MEF2A,NK Proliferating,25,-0.0026259602,0.0136011625,0.99997133
MEF2A,Treg,177,1.0783053e-05,0.011127115,0.99992657
MEF2A,unlabeled,132,0.00021850859,0.008028617,0.9999972
MLXIP,CD4 Naive,1257,-0.00091333076,0.006720362,0.99994755
MLXIP,CD4 TCM,1134,0.00022763881,0.0028639997,0.9999892
MLXIP,CD8 Naive,1178,-0.0014102192,0.0087154405,0.99995065
MLXIP,CD8 TCM,335,1.5413494e-05,0.0020998863,0.99999934
MLXIP,CD8 TEM,463,-0.00014195876,0.0012125717,0.9999999
MLXIP,MAIT,113,7.861114e-05,0.005078804,0.9999977
MLXIP,NK,411,-0.00012470517,0.0023483236,0.9999974
MLXIP,NK Proliferating,25,0.0002686584,0.0044353204,0.99999326
MLXIP,Treg,177,-0.00035862852,0.004293986,0.9999971
MLXIP,unlabeled,132,-0.0007304107,0.0049501723,0.9999994
MXI1,CD4 Naive,1257,0.0028529582,0.017039504,0.99987376
MXI1,CD4 TCM,1134,0.0020443662,0.012274807,0.9999591
MXI1,CD8 Naive,1178,0.0039527128,0.020843554,0.99990904
MXI1,CD8 TCM,335,0.0021257948,0.0113212615,0.99997485
MXI1,CD8 TEM,463,0.0017501834,0.008453822,0.99999565
MXI1,MAIT,113,0.0018956893,0.01519472,0.99997354
MXI1,NK,411,0.0008231606,0.0056573865,0.9999964
MXI1,NK Proliferating,25,0.0007243121,0.007105519,0.999997
MXI1,Treg,177,0.0025611296,0.015445073,0.9999515
MXI1,unlabeled,132,0.0026185962,0.016842896,0.9998992
MZF1,CD4 Naive,1257,-0.0032173444,0.012113538,0.99986887
MZF1,CD4 TCM,1134,0.000836687,0.010580277,0.9999776
MZF1,CD8 Naive,1178,-0.0029799815,0.011606786,0.9998976
MZF1,CD8 TCM,335,0.0033693113,0.009620584,0.99999726
MZF1,CD8 TEM,463,0.0029371383,0.0072599393,0.99999815
MZF1,MAIT,113,0.0014336072,0.005937386,0.9999986
MZF1,NK,411,0.0024597137,0.0077535845,0.999991
MZF1,NK Proliferating,25,0.0013559044,0.0073586465,0.9999899
MZF1,Treg,177,0.0002110826,0.0076023187,0.9999952
MZF1,unlabeled,132,0.0015937368,0.015764339,0.99999505
NFAT5,CD4 Naive,1257,-0.001060342,0.008772179,0.99994385
NFAT5,CD4 TCM,1134,-0.0040653786,0.014213133,0.9999765
NFAT5,CD8 Naive,1178,-0.0005891347,0.0068778507,0.99996454
NFAT5,CD8 TCM,335,-0.005142887,0.013994604,0.9999733
NFAT5,CD8 TEM,463,-0.003656366,0.008368248,0.99999684
NFAT5,MAIT,113,-0.0052338033,0.012441702,0.9999811
NFAT5,NK,411,-0.0039782384,0.011061938,0.999986
NFAT5,NK Proliferating,25,-0.004586017,0.026870256,0.99977183
NFAT5,Treg,177,-0.0017704567,0.011507656,0.9999955
NFAT5,unlabeled,132,-0.0016233483,0.0071085007,0.99999887
NFATC1,CD4 Naive,1257,0.0032723304,0.015703006,0.99985296
NFATC1,CD4 TCM,1134,0.0058957576,0.02218704,0.99996424
NFATC1,CD8 Naive,1178,0.0031041214,0.014369937,0.99989915
NFATC1,CD8 TCM,335,0.0064889863,0.018301593,0.9999893
NFATC1,CD8 TEM,463,0.0053197513,0.012221049,0.99999565
NFATC1,MAIT,113,0.0047344486,0.0150185935,0.99997514
NFATC1,NK,411,0.006212131,0.015157894,0.9999869
NFATC1,NK Proliferating,25,0.0046903063,0.02456842,0.99986696
NFATC1,Treg,177,0.003414542,0.019242771,0.9999063
NFATC1,unlabeled,132,0.005763894,0.034961276,0.99980116
NFATC2,CD4 Naive,1257,0.0017997739,0.014778844,0.99990386
NFATC2,CD4 TCM,1134,-0.0021951501,0.011968026,0.9999748
NFATC2,CD8 Naive,1178,0.0010025861,0.011735025,0.9999204
NFATC2,CD8 TCM,335,-0.005582196,0.01485171,0.999975
NFATC2,CD8 TEM,463,-0.004324788,0.009565304,0.99999654
NFATC2,MAIT,113,-0.0050241156,0.01155467,0.99998677
NFATC2,NK,411,-0.004870105,0.0127467085,0.99998367
NFATC2,NK Proliferating,25,-0.0034749925,0.013510725,0.9999821
NFATC2,Treg,177,-0.0014614738,0.009075316,0.9999976
NFATC2,unlabeled,132,-0.0029250921,0.016069101,0.99999535
NFATC3,CD4 Naive,1257,0.0003149565,0.017861763,0.9998508
NFATC3,CD4 TCM,1134,0.0034657621,0.018432649,0.9999072
NFATC3,CD8 Naive,1178,0.0004528184,0.01709104,0.9998521
NFATC3,CD8 TCM,335,0.004655073,0.017482527,0.9999324
NFATC3,CD8 TEM,463,0.00395165,0.015288081,0.99998903
NFATC3,MAIT,113,0.003405792,0.010453696,0.99998766
NFATC3,NK,411,0.004926873,0.020777175,0.99996793
NFATC3,NK Proliferating,25,0.0032718182,0.030232618,0.9997585
NFATC3,Treg,177,0.0015657593,0.015911743,0.9998919
NFATC3,unlabeled,132,0.003312435,0.022527022,0.99985296
NFE2L2,CD4 Naive,1257,-0.00012478998,0.008183888,0.9999443
NFE2L2,CD4 TCM,1134,-0.004847179,0.022825316,0.99997866
NFE2L2,CD8 Naive,1178,-0.00029535324,0.008640222,0.99995875
NFE2L2,CD8 TCM,335,-0.011726114,0.034368783,0.9999705
NFE2L2,CD8 TEM,463,-0.012916193,0.03266929,0.9999781
NFE2L2,MAIT,113,-0.012413035,0.03337726,0.99988437
NFE2L2,NK,411,-0.009448469,0.02459255,0.9999762
NFE2L2,NK Proliferating,25,-0.0076092994,0.03845079,0.9997496
NFE2L2,Treg,177,-0.003025284,0.020937415,0.9999445
NFE2L2,unlabeled,132,-0.0027951542,0.01821617,0.99999654
NFIA,CD4 Naive,1257,-0.00023128632,0.0069947313,0.9999437
NFIA,CD4 TCM,1134,0.003324217,0.0121525545,0.9999786
NFIA,CD8 Naive,1178,0.0003505149,0.007661713,0.9999515
NFIA,CD8 TCM,335,0.004874443,0.01334052,0.9999909
NFIA,CD8 TEM,463,0.004095635,0.009527528,0.999997
NFIA,MAIT,113,0.0027641454,0.0067088366,0.9999955
NFIA,NK,411,0.0034826396,0.009353575,0.9999909
NFIA,NK Proliferating,25,0.0023601938,0.0076110126,0.9999973
NFIA,Treg,177,0.002734421,0.014714325,0.9998951
NFIA,unlabeled,132,0.0040013217,0.022294221,0.99999446
NFIC,CD4 Naive,1257,0.0031177502,0.019115858,0.9998844
NFIC,CD4 TCM,1134,0.006435774,0.022474848,0.99996233
NFIC,CD8 Naive,1178,0.0037946957,0.021213995,0.99988765
NFIC,CD8 TCM,335,0.0062316083,0.01631443,0.9999955
NFIC,CD8 TEM,463,0.004906839,0.010875018,0.9999957
NFIC,MAIT,113,0.0027107738,0.007682219,0.9999973
NFIC,NK,411,0.0039007002,0.01032624,0.99999136
NFIC,NK Proliferating,25,0.003457042,0.0320432,0.9997352
NFIC,Treg,177,0.006060139,0.028146226,0.99990827
NFIC,unlabeled,132,0.006930351,0.041927014,0.9997977
NFYA,CD4 Naive,1257,0.0032124338,0.01802604,0.9998516
NFYA,CD4 TCM,1134,-1.2662965e-05,0.011741439,0.9999774
NFYA,CD8 Naive,1178,0.0014367303,0.01145472,0.99993896
NFYA,CD8 TCM,335,-0.005118003,0.014199018,0.999957
NFYA,CD8 TEM,463,-0.0070825256,0.015158316,0.999995
NFYA,MAIT,113,-0.0033208104,0.0071122926,0.9999955
NFYA,NK,411,-0.008368309,0.021045448,0.9999779
NFYA,NK Proliferating,25,-0.003957263,0.03199436,0.9997666
NFYA,Treg,177,-0.0014254297,0.010289908,0.9999876
NFYA,unlabeled,132,-0.0037201848,0.025806243,0.9999927
NFYC,CD4 Naive,1257,0.0038748335,0.017702354,0.99989015
NFYC,CD4 TCM,1134,-0.001580071,0.016749175,0.99996513
NFYC,CD8 Naive,1178,0.0015729862,0.012468581,0.99994135
NFYC,CD8 TCM,335,-0.008943094,0.023075717,0.9999709
NFYC,CD8 TEM,463,-0.011558274,0.022765005,0.99998933
NFYC,MAIT,113,-0.006342501,0.013527668,0.9999853
NFYC,NK,411,-0.013093406,0.028650206,0.99996436
NFYC,NK Proliferating,25,-0.0067038713,0.04343588,0.99968064
NFYC,Treg,177,-0.0028393161,0.015947398,0.9999936
NFYC,unlabeled,132,-0.0058003548,0.0398176,0.99998194
NR1H2,CD4 Naive,1257,-0.0006954789,0.0044615692,0.99997467
NR1H2,CD4 TCM,1134,-0.002435836,0.0070812413,0.9999869
NR1H2,CD8 Naive,1178,-0.0006393703,0.003657381,0.9999962
NR1H2,CD8 TCM,335,-0.0033906107,0.008893666,0.99999756
NR1H2,CD8 TEM,463,-0.002981465,0.007969038,0.9999984
NR1H2,MAIT,113,-0.0036187426,0.014064767,0.9999773
NR1H2,NK,411,-0.0033338778,0.0099204965,0.99999213
NR1H2,NK Proliferating,25,-0.0023032653,0.009881608,0.9999965
NR1H2,Treg,177,-0.0016657215,0.005668003,0.999999
NR1H2,unlabeled,132,-0.0018001319,0.009475599,0.99999905
NR2C1,CD4 Naive,1257,5.8478083e-05,0.005035364,0.99993813
NR2C1,CD4 TCM,1134,-0.003916573,0.014297489,0.99998534
NR2C1,CD8 Naive,1178,-0.00040964803,0.005352063,0.9999711
NR2C1,CD8 TCM,335,-0.007677065,0.019983247,0.99997246
NR2C1,CD8 TEM,463,-0.007279064,0.015733054,0.99999404
NR2C1,MAIT,113,-0.009251262,0.019635757,0.9999661
NR2C1,NK,411,-0.007379648,0.01790305,0.9999832
NR2C1,NK Proliferating,25,-0.0048414147,0.029363692,0.99976486
NR2C1,Treg,177,-0.0031255484,0.011963772,0.9999911
NR2C1,unlabeled,132,-0.0034303004,0.019041631,0.9999972
NR2C2,CD4 Naive,1257,-7.6356635e-05,0.0035814454,0.9999768
NR2C2,CD4 TCM,1134,-0.0027241586,0.010506947,0.999977
NR2C2,CD8 Naive,1178,-0.00034065355,0.0042604576,0.99998176
NR2C2,CD8 TCM,335,-0.005795454,0.013812629,0.9999764
NR2C2,CD8 TEM,463,-0.0054938714,0.00955269,0.99999636
NR2C2,MAIT,113,-0.0063561536,0.010733398,0.9999938
NR2C2,NK,411,-0.0061194375,0.012738502,0.9999828
NR2C2,NK Proliferating,25,-0.0038386858,0.025073888,0.999776
NR2C2,Treg,177,-0.0030053316,0.011858375,0.9999955
NR2C2,unlabeled,132,-0.0032233584,0.018175725,0.99999595
NR3C1,CD4 Naive,1257,-0.001615795,0.01172025,0.9998977
NR3C1,CD4 TCM,1134,-0.00086119457,0.0056362716,0.999977
NR3C1,CD8 Naive,1178,-0.001798094,0.011827324,0.999931
NR3C1,CD8 TCM,335,-0.0008391758,0.004025591,0.99999744
NR3C1,CD8 TEM,463,-0.0006819808,0.004392231,0.99999815
NR3C1,MAIT,113,-0.0011276903,0.0059948303,0.9999953
NR3C1,NK,411,-0.00038885788,0.005593003,0.9999958
NR3C1,NK Proliferating,25,-0.0006916416,0.014660231,0.9998782
NR3C1,Treg,177,-0.0008121535,0.007886947,0.99994844
NR3C1,unlabeled,132,-0.0005210137,0.0068131927,0.9999968
NR3C2,CD4 Naive,1257,-0.0026118832,0.018381204,0.9998716
NR3C2,CD4 TCM,1134,-0.002138312,0.013370981,0.9999621
NR3C2,CD8 Naive,1178,-0.003284241,0.020523338,0.9998885
NR3C2,CD8 TCM,335,-0.0023416209,0.013308639,0.9999533
NR3C2,CD8 TEM,463,-0.0019247691,0.0073954053,0.9999971
NR3C2,MAIT,113,-0.001486111,0.009717038,0.9999781
NR3C2,NK,411,-0.0018831915,0.007591561,0.99999064
NR3C2,NK Proliferating,25,-0.0011866939,0.0060145645,0.9999976
NR3C2,Treg,177,-0.0023237816,0.015688263,0.9999511
NR3C2,unlabeled,132,-0.00332738,0.018710326,0.9999909
NR4A2,CD4 Naive,1257,0.0009372881,0.009225315,0.99994045
NR4A2,CD4 TCM,1134,0.0020307335,0.012258525,0.99994713
NR4A2,CD8 Naive,1178,0.0009547377,0.011173169,0.9999324
NR4A2,CD8 TCM,335,0.0046378314,0.015435589,0.99996984
NR4A2,CD8 TEM,463,0.004672572,0.013000432,0.9999898
NR4A2,MAIT,113,0.00523341,0.015195162,0.9999639
NR4A2,NK,411,0.003299763,0.012428861,0.9999847
NR4A2,NK Proliferating,25,0.003537842,0.021022953,0.999869
NR4A2,Treg,177,0.0016306223,0.017501673,0.99982846
NR4A2,unlabeled,132,0.0015930233,0.014537441,0.999945
NRF1,CD4 Naive,1257,-0.00027541595,0.018018316,0.9998335
NRF1,CD4 TCM,1134,0.00029799677,0.011720699,0.9999292
NRF1,CD8 Naive,1178,-0.0005688564,0.014721221,0.9999022
NRF1,CD8 TCM,335,-0.0013979129,0.005089536,0.9999971
NRF1,CD8 TEM,463,-0.0019556745,0.006325348,0.9999959
NRF1,MAIT,113,-0.0017469894,0.0045318403,0.99999803
NRF1,NK,411,-0.0027176854,0.009494473,0.99998736
NRF1,NK Proliferating,25,-0.0014729083,0.0147897145,0.9999645
NRF1,Treg,177,-6.1794024e-05,0.013523448,0.999945
NRF1,unlabeled,132,-0.0005199961,0.008822948,0.99999535
PATZ1,CD4 Naive,1257,-0.0013188444,0.00874622,0.9999034
PATZ1,CD4 TCM,1134,-0.0020055014,0.008899346,0.9999813
PATZ1,CD8 Naive,1178,-0.0012839674,0.008624474,0.99994344
PATZ1,CD8 TCM,335,-0.001966228,0.007279443,0.9999793
PATZ1,CD8 TEM,463,-0.0013862815,0.0034872377,0.9999989
PATZ1,MAIT,113,-0.0019571185,0.008062991,0.99999064
PATZ1,NK,411,-0.0011447875,0.0037896,0.9999945
PATZ1,NK Proliferating,25,-0.0010203779,0.004817145,0.99999774
PATZ1,Treg,177,-0.0020071818,0.011400114,0.999914
PATZ1,unlabeled,132,-0.0019474244,0.010788515,0.99998635
PBX3,CD4 Naive,1257,-0.001185291,0.009145028,0.99992025
PBX3,CD4 TCM,1134,0.003779691,0.015556988,0.9999733
PBX3,CD8 Naive,1178,-0.0006665634,0.007945343,0.9999509
PBX3,CD8 TCM,335,0.008133708,0.020954581,0.99998254
PBX3,CD8 TEM,463,0.0082415985,0.018260311,0.99999064
PBX3,MAIT,113,0.007245243,0.016715653,0.99997497
PBX3,NK,411,0.007983544,0.01891055,0.99998
PBX3,NK Proliferating,25,0.0050049545,0.02627376,0.99986076
PBX3,Treg,177,0.0028447532,0.017827392,0.9998807
PBX3,unlabeled,132,0.0036602456,0.024428744,0.99989563
PKNOX1,CD4 Naive,1257,0.0013490631,0.00980026,0.99992514
PKNOX1,CD4 TCM,1134,0.0020514294,0.010799277,0.9999793
PKNOX1,CD8 Naive,1178,0.0013378011,0.008366303,0.9999744
PKNOX1,CD8 TCM,335,0.003284117,0.012474617,0.9999918
PKNOX1,CD8 TEM,463,0.003296258,0.013113479,0.99999154
PKNOX1,MAIT,113,0.0029218202,0.015970862,0.99996996
PKNOX1,NK,411,0.0031160298,0.013387172,0.99998903
PKNOX1,NK Proliferating,25,0.0024255086,0.014407571,0.9999839
PKNOX1,Treg,177,0.0018708628,0.011346325,0.99995965
PKNOX1,unlabeled,132,0.0022430918,0.012124168,0.99999607
PLAGL1,CD4 Naive,1257,0.002183863,0.01057881,0.9999239
PLAGL1,CD4 TCM,1134,0.0018708172,0.007155294,0.9999836
PLAGL1,CD8 Naive,1178,0.0019475877,0.00812939,0.99997514
PLAGL1,CD8 TCM,335,0.0021856485,0.0049441713,0.9999989
PLAGL1,CD8 TEM,463,0.0017244847,0.003960259,0.9999988
PLAGL1,MAIT,113,0.0036631252,0.0091955885,0.9999973
PLAGL1,NK,411,0.0008575683,0.003387426,0.999996
PLAGL1,NK Proliferating,25,0.0018103111,0.008788369,0.9999956
PLAGL1,Treg,177,0.0018030376,0.007857471,0.9999531
PLAGL1,unlabeled,132,0.0004711973,0.009149455,0.99999875
POU2F1,CD4 Naive,1257,-0.0002560978,0.013069033,0.99989027
POU2F1,CD4 TCM,1134,-0.004002163,0.02064686,0.9999395
POU2F1,CD8 Naive,1178,-0.0005757067,0.01471469,0.999903
POU2F1,CD8 TCM,335,-0.008014044,0.02430197,0.99994737
POU2F1,CD8 TEM,463,-0.008143127,0.018565448,0.9999892
POU2F1,MAIT,113,-0.008470564,0.023169503,0.9999407
POU2F1,NK,411,-0.007200898,0.019141695,0.99997663
POU2F1,NK Proliferating,25,-0.0060493755,0.030861914,0.999769
POU2F1,Treg,177,-0.003416302,0.018734286,0.9999886
POU2F1,unlabeled,132,-0.0040019425,0.025207901,0.99996823
POU2F2,CD4 Naive,1257,-0.0017484741,0.0089041805,0.99989825
POU2F2,CD4 TCM,1134,-0.00055837864,0.007323699,0.999959
POU2F2,CD8 Naive,1178,-0.0015900217,0.0077554076,0.999921
POU2F2,CD8 TCM,335,-0.0010051371,0.0053021894,0.9999874
POU2F2,CD8 TEM,463,-0.0010717981,0.0046406356,0.99999833
POU2F2,MAIT,113,-0.0014279991,0.007688709,0.99999446
POU2F2,NK,411,-0.00058596255,0.005525943,0.9999922
POU2F2,NK Proliferating,25,-0.001085571,0.008024723,0.99998885
POU2F2,Treg,177,-0.00033283856,0.010356835,0.99991363
POU2F2,unlabeled,132,-0.00044451992,0.00544892,0.9999977
POU6F1,CD4 Naive,1257,0.0010802293,0.004020991,0.9999784
POU6F1,CD4 TCM,1134,0.004685465,0.01493377,0.999972
POU6F1,CD8 Naive,1178,0.0014763298,0.004929258,0.9999899
POU6F1,CD8 TCM,335,0.008278505,0.019422673,0.9999938
POU6F1,CD8 TEM,463,0.006462867,0.013669362,0.9999939
POU6F1,MAIT,113,0.005257796,0.01047802,0.9999919
POU6F1,NK,411,0.005623576,0.013789024,0.999985
POU6F1,NK Proliferating,25,0.004596958,0.012380958,0.9999957
POU6F1,Treg,177,0.0038415934,0.013464717,0.999954
POU6F1,unlabeled,132,0.004244341,0.019266333,0.9999956
PPARD,CD4 Naive,1257,0.00055911054,0.005286326,0.9999597
PPARD,CD4 TCM,1134,0.0022411346,0.010157295,0.9999547
PPARD,CD8 Naive,1178,0.00041326584,0.006987243,0.9999447
PPARD,CD8 TCM,335,0.0034737808,0.009197722,0.9999823
PPARD,CD8 TEM,463,0.002300696,0.00530844,0.99999654
PPARD,MAIT,113,0.003258596,0.008408067,0.99999756
PPARD,NK,411,0.0026607327,0.0076617124,0.999991
PPARD,NK Proliferating,25,0.0025850094,0.008651791,0.9999976
PPARD,Treg,177,0.001954434,0.0118262535,0.99990886
PPARD,unlabeled,132,0.0022568079,0.013206117,0.99994415
PRDM1,CD4 Naive,1257,-0.0002394288,0.0062902933,0.9999691
PRDM1,CD4 TCM,1134,0.0016460742,0.0074531734,0.999994
PRDM1,CD8 Naive,1178,5.3727413e-06,0.0044575147,0.99999565
PRDM1,CD8 TCM,335,0.0031060022,0.00935502,0.9999958
PRDM1,CD8 TEM,463,0.0028769702,0.0077807517,0.9999971
PRDM1,MAIT,113,0.0020208543,0.008324283,0.999991
PRDM1,NK,411,0.0026604575,0.008323024,0.99999243
PRDM1,NK Proliferating,25,0.001724565,0.008070368,0.9999948
PRDM1,Treg,177,0.0011480318,0.007386224,0.9999602
PRDM1,unlabeled,132,0.0025298388,0.013816138,0.9999924
PRDM4,CD4 Naive,1257,-0.0008617377,0.0037514502,0.99996346
PRDM4,CD4 TCM,1134,-0.0022852123,0.0073280083,0.9999885
PRDM4,CD8 Naive,1178,-0.0011273551,0.004566037,0.99997014
PRDM4,CD8 TCM,335,-0.004176816,0.010930942,0.99997723
PRDM4,CD8 TEM,463,-0.003863704,0.008239278,0.9999984
PRDM4,MAIT,113,-0.0033004368,0.00641331,0.9999986
PRDM4,NK,411,-0.0035840415,0.009614877,0.99998844
PRDM4,NK Proliferating,25,-0.002425456,0.013398471,0.9999673
PRDM4,Treg,177,-0.0018071714,0.005924264,0.99999744
PRDM4,unlabeled,132,-0.0028106465,0.013782172,0.9999986
RBPJ,CD4 Naive,1257,-0.0014559679,0.016449943,0.9998752
RBPJ,CD4 TCM,1134,0.0020416852,0.013076629,0.9999753
RBPJ,CD8 Naive,1178,-0.00016070163,0.0097418465,0.9999623
RBPJ,CD8 TCM,335,0.0046637445,0.013783479,0.9999802
RBPJ,CD8 TEM,463,0.0035636914,0.008704447,0.99999696
RBPJ,MAIT,113,0.0023651724,0.010694497,0.99997854
RBPJ,NK,411,0.0030729312,0.008450364,0.99999255
RBPJ,NK Proliferating,25,0.001716566,0.011172268,0.99998605
RBPJ,Treg,177,0.0016815059,0.013323899,0.99991554
RBPJ,unlabeled,132,0.0040487405,0.026825856,0.999896
RELB,CD4 Naive,1257,-0.0017971694,0.01049487,0.9999225
RELB,CD4 TCM,1134,0.0023313938,0.010316977,0.9999901
RELB,CD8 Naive,1178,-0.0013836633,0.010132275,0.99992704
RELB,CD8 TCM,335,0.004560493,0.010878154,0.99999726
RELB,CD8 TEM,463,0.003560335,0.007530717,0.9999981
RELB,MAIT,113,0.0032200376,0.007010185,0.99999887
RELB,NK,411,0.0033541517,0.008268276,0.99999225
RELB,NK Proliferating,25,0.0024851228,0.006881009,0.9999983
RELB,Treg,177,0.0014411885,0.010541375,0.9999594
RELB,unlabeled,132,0.0026852074,0.015919354,0.99999607
REST,CD4 Naive,1257,-0.000974985,0.011795914,0.9998949
REST,CD4 TCM,1134,0.0017062203,0.010072232,0.9999772
REST,CD8 Naive,1178,7.432074e-05,0.008808523,0.9999603
REST,CD8 TCM,335,0.0051689064,0.013633119,0.9999936
REST,CD8 TEM,463,0.004204971,0.00983349,0.99999565
REST,MAIT,113,0.0019901078,0.006042785,0.99999475
REST,NK,411,0.004017556,0.011191367,0.99998885
REST,NK Proliferating,25,0.002574978,0.00844565,0.9999974
REST,Treg,177,0.0027369256,0.01739873,0.99986553
REST,unlabeled,132,0.004219841,0.027634595,0.9998953
RFX7,CD4 Naive,1257,0.004458544,0.014330643,0.99986726
RFX7,CD4 TCM,1134,0.008608654,0.025916118,0.9999762
RFX7,CD8 Naive,1178,0.0046792557,0.014289524,0.9999245
RFX7,CD8 TCM,335,0.010254943,0.025630396,0.9999897
RFX7,CD8 TEM,463,0.008028064,0.01881995,0.99999195
RFX7,MAIT,113,0.007971181,0.017336193,0.9999715
RFX7,NK,411,0.00868869,0.021801634,0.9999809
RFX7,NK Proliferating,25,0.007670337,0.031162392,0.9998634
RFX7,Treg,177,0.006826348,0.022834223,0.9999502
RFX7,unlabeled,132,0.007851873,0.039847497,0.99979955
RORA,CD4 Naive,1257,0.000131074,0.0060017845,0.9999616
RORA,CD4 TCM,1134,-0.0074283276,0.025285922,0.99996823
RORA,CD8 Naive,1178,-0.000835177,0.00695032,0.9999853
RORA,CD8 TCM,335,-0.013836402,0.03568701,0.99994004
RORA,CD8 TEM,463,-0.013883111,0.028755805,0.99998444
RORA,MAIT,113,-0.020163463,0.053120106,0.9996979
RORA,NK,411,-0.014367711,0.032240137,0.99996334
RORA,NK Proliferating,25,-0.008374913,0.042925082,0.99972844
RORA,Treg,177,-0.0054370207,0.02027832,0.9999534
RORA,unlabeled,132,-0.007655167,0.0482722,0.9998866
RREB1,CD4 Naive,1257,0.0018557463,0.014016439,0.9999128
RREB1,CD4 TCM,1134,0.0006702784,0.007559752,0.999986
RREB1,CD8 Naive,1178,0.0011651798,0.011336889,0.9999545
RREB1,CD8 TCM,335,-0.0016494868,0.004569005,0.9999986
RREB1,CD8 TEM,463,-0.0021747644,0.004711048,0.99999774
RREB1,MAIT,113,-0.0022104436,0.0065960437,0.99999607
RREB1,NK,411,-0.0019295892,0.0064140894,0.9999891
RREB1,NK Proliferating,25,-0.000564276,0.013944062,0.9999458
RREB1,Treg,177,0.00011732231,0.008543432,0.99999094
RREB1,unlabeled,132,-0.00077499903,0.010168248,0.9999978
RUNX1,CD4 Naive,1257,-0.0036276071,0.018154303,0.99991125
RUNX1,CD4 TCM,1134,-0.011740271,0.03657381,0.99997634
RUNX1,CD8 Naive,1178,-0.005320762,0.025442418,0.99989647
RUNX1,CD8 TCM,335,-0.021718005,0.053185362,0.99993616
RUNX1,CD8 TEM,463,-0.020906353,0.04431042,0.9999719
RUNX1,MAIT,113,-0.02308331,0.046425525,0.9998789
RUNX1,NK,411,-0.01827311,0.041517824,0.9999507
RUNX1,NK Proliferating,25,-0.012128648,0.058865342,0.99964404
RUNX1,Treg,177,-0.0073598446,0.02617385,0.9999867
RUNX1,unlabeled,132,-0.009823613,0.051546358,0.9998911
RUNX3,CD4 Naive,1257,0.00011294279,0.009673721,0.9998481
RUNX3,CD4 TCM,1134,-0.0025184592,0.017740559,0.99989647
RUNX3,CD8 Naive,1178,-0.0005476219,0.019370927,0.9997944
RUNX3,CD8 TCM,335,-0.0070312307,0.024220796,0.9999049
RUNX3,CD8 TEM,463,-0.006089647,0.022272835,0.99995995
RUNX3,MAIT,113,-0.0076523614,0.017622344,0.99996936
RUNX3,NK,411,-0.0053186626,0.031494398,0.99992055
RUNX3,NK Proliferating,25,-0.0033477258,0.04482911,0.9997063
RUNX3,Treg,177,-0.002039318,0.012400377,0.9999689
RUNX3,unlabeled,132,-0.00361761,0.027559098,0.9999487
SATB1,CD4 Naive,1257,0.001304905,0.011133522,0.9998611
SATB1,CD4 TCM,1134,-0.00080962316,0.009441426,0.9999622
SATB1,CD8 Naive,1178,0.0012600954,0.012778778,0.99989045
SATB1,CD8 TCM,335,-0.003095245,0.009064935,0.9999916
SATB1,CD8 TEM,463,-0.0035354674,0.008639767,0.9999963
SATB1,MAIT,113,-0.001305905,0.008051401,0.99998385
SATB1,NK,411,-0.003485179,0.011082082,0.9999838
SATB1,NK Proliferating,25,-0.0026517224,0.01400532,0.99996346
SATB1,Treg,177,-0.0005484089,0.010712072,0.9999338
SATB1,unlabeled,132,-0.00084376807,0.016197741,0.99987495
SMAD2,CD4 Naive,1257,0.0013328486,0.008071225,0.99994737
SMAD2,CD4 TCM,1134,0.0018703092,0.008202647,0.999986
SMAD2,CD8 Naive,1178,0.0010180733,0.0067643276,0.9999623
SMAD2,CD8 TCM,335,0.0024500433,0.0074829943,0.99999744
SMAD2,CD8 TEM,463,0.0016204503,0.0052550407,0.99999833
SMAD2,MAIT,113,0.0025957802,0.007355814,0.9999922
SMAD2,NK,411,0.0017470594,0.0066009182,0.99999183
SMAD2,NK Proliferating,25,0.0021299934,0.006611051,0.99999815
SMAD2,Treg,177,0.0011801127,0.007875702,0.999954
SMAD2,unlabeled,132,0.0008012655,0.0051284484,0.99999815
SMAD4,CD4 Naive,1257,0.00072705885,0.008007036,0.9999534
SMAD4,CD4 TCM,1134,-0.0023908906,0.010278151,0.9999825
SMAD4,CD8 Naive,1178,0.00023221597,0.0073809107,0.99996996
SMAD4,CD8 TCM,335,-0.005566352,0.014241863,0.99999744
SMAD4,CD8 TEM,463,-0.0053922795,0.0118359225,0.99999636
SMAD4,MAIT,113,-0.004513323,0.009722834,0.9999923
SMAD4,NK,411,-0.0056148213,0.014459694,0.9999839
SMAD4,NK Proliferating,25,-0.0039151357,0.026734317,0.9997776
SMAD4,Treg,177,-0.0021708105,0.009745835,0.9999979
SMAD4,unlabeled,132,-0.003427416,0.020105368,0.9999956
SP3,CD4 Naive,1257,-0.0015764068,0.009931861,0.9999423
SP3,CD4 TCM,1134,0.001681586,0.015642317,0.99996006
SP3,CD8 Naive,1178,-0.0010085169,0.01232245,0.99991274
SP3,CD8 TCM,335,0.004446907,0.016795559,0.99997383
SP3,CD8 TEM,463,0.004208058,0.012884108,0.99999326
SP3,MAIT,113,0.0024227204,0.009811068,0.99998826
SP3,NK,411,0.003316572,0.011696455,0.99998784
SP3,NK Proliferating,25,0.0023059798,0.027126336,0.9997734
SP3,Treg,177,0.0015494389,0.01695243,0.99998343
SP3,unlabeled,132,0.0040646144,0.030339502,0.9998971
STAT1,CD4 Naive,1257,8.088239e-05,0.0036073956,0.9999701
STAT1,CD4 TCM,1134,-0.0005212892,0.0042435573,0.99997675
STAT1,CD8 Naive,1178,1.7753506e-05,0.0028285545,0.9999909
STAT1,CD8 TCM,335,-0.0010971249,0.0040777447,0.9999827
STAT1,CD8 TEM,463,-0.0007945684,0.0021247044,0.9999996
STAT1,MAIT,113,-0.0016336045,0.003907764,0.9999981
STAT1,NK,411,-0.0005282981,0.002004865,0.9999982
STAT1,NK Proliferating,25,-0.00051377056,0.004154672,0.999991
STAT1,Treg,177,-0.0002457439,0.002739631,0.9999996
STAT1,unlabeled,132,0.000108021,0.0035301065,0.99999905
STAT2,CD4 Naive,1257,-0.00030726567,0.007405462,0.99991786
STAT2,CD4 TCM,1134,0.0019892592,0.010961243,0.99996275
STAT2,CD8 Naive,1178,0.000380861,0.0057488442,0.9999482
STAT2,CD8 TCM,335,0.006340518,0.01635477,0.9999936
STAT2,CD8 TEM,463,0.0064831106,0.01615368,0.9999932
STAT2,MAIT,113,0.0048065726,0.012960244,0.99998164
STAT2,NK,411,0.0064651277,0.018001739,0.9999856
STAT2,NK Proliferating,25,0.004438313,0.023684556,0.9998701
STAT2,Treg,177,0.0016968066,0.008935652,0.9999579
STAT2,unlabeled,132,0.003403813,0.017610723,0.99999505
STAT3,CD4 Naive,1257,-0.0008868983,0.01092549,0.99985385
STAT3,CD4 TCM,1134,0.0037740967,0.01650808,0.9999565
STAT3,CD8 Naive,1178,-0.00034117533,0.009385624,0.9999028
STAT3,CD8 TCM,335,0.0066933213,0.018389687,0.99997866
STAT3,CD8 TEM,463,0.0043586255,0.010607934,0.99999666
STAT3,MAIT,113,0.0053323125,0.012488845,0.9999849
STAT3,NK,411,0.0038436335,0.0103762485,0.99999297
STAT3,NK Proliferating,25,0.00313717,0.014450712,0.99996966
STAT3,Treg,177,0.002797078,0.014857887,0.99995196
STAT3,unlabeled,132,0.003882233,0.02094237,0.9999948
STAT4,CD4 Naive,1257,0.00037979064,0.010947501,0.9998611
STAT4,CD4 TCM,1134,0.00020673033,0.011617731,0.9999193
STAT4,CD8 Naive,1178,0.00072932144,0.0177667,0.9997738
STAT4,CD8 TCM,335,0.0009466849,0.012303298,0.9999116
STAT4,CD8 TEM,463,0.00081219955,0.011895098,0.9999872
STAT4,MAIT,113,-0.00063917175,0.008602269,0.9999892
STAT4,NK,411,0.0009502096,0.01805549,0.9999646
STAT4,NK Proliferating,25,5.0168037e-05,0.024297075,0.9997692
STAT4,Treg,177,0.00072803773,0.006703399,0.99997765
STAT4,unlabeled,132,0.0016147504,0.013585564,0.99996865
STAT5A,CD4 Naive,1257,0.0010196517,0.010357785,0.9999526
STAT5A,CD4 TCM,1134,0.0009479996,0.008233082,0.9999888
STAT5A,CD8 Naive,1178,0.0006451062,0.0068486957,0.99998796
STAT5A,CD8 TCM,335,0.0005331575,0.004432949,0.99999774
STAT5A,CD8 TEM,463,0.00013856316,0.0018747275,0.9999992
STAT5A,MAIT,113,0.0004204918,0.0043789116,0.9999981
STAT5A,NK,411,0.00045901994,0.0030845734,0.99999434
STAT5A,NK Proliferating,25,0.0003087437,0.0036762422,0.99999815
STAT5A,Treg,177,0.0007352288,0.008105535,0.9999969
STAT5A,unlabeled,132,0.00071555265,0.0067313225,0.9999972
STAT5B,CD4 Naive,1257,3.8336504e-05,0.011862211,0.9998812
STAT5B,CD4 TCM,1134,-0.0036478476,0.02053923,0.99991345
STAT5B,CD8 Naive,1178,-0.0011897802,0.009746231,0.9999251
STAT5B,CD8 TCM,335,-0.0054693874,0.019194225,0.99996775
STAT5B,CD8 TEM,463,-0.004543926,0.014812796,0.9999924
STAT5B,MAIT,113,-0.0036459435,0.021384463,0.9999449
STAT5B,NK,411,-0.0046441643,0.016181968,0.9999825
STAT5B,NK Proliferating,25,-0.00198331,0.013972874,0.99998856
STAT5B,Treg,177,-0.003075951,0.020700822,0.999882
STAT5B,unlabeled,132,-0.004844241,0.03100812,0.9999861
STAT6,CD4 Naive,1257,-0.007261574,0.031103907,0.9997174
STAT6,CD4 TCM,1134,-0.0005972167,0.015210954,0.99995327
STAT6,CD8 Naive,1178,-0.006386446,0.026588282,0.99978423
STAT6,CD8 TCM,335,0.00089837617,0.008525868,0.9999859
STAT6,CD8 TEM,463,0.00072505197,0.004404391,0.99999684
STAT6,MAIT,113,-0.0011142382,0.0072894054,0.9999947
STAT6,NK,411,0.001082201,0.0057902834,0.99999136
STAT6,NK Proliferating,25,-0.0002698028,0.0067785885,0.9999972
STAT6,Treg,177,-0.001591525,0.014027466,0.9999453
STAT6,unlabeled,132,-4.1342595e-05,0.017116208,0.9999876
TBP,CD4 Naive,1257,-0.0016667738,0.0067561595,0.9999244
TBP,CD4 TCM,1134,-0.00012931677,0.0054855607,0.9999831
TBP,CD8 Naive,1178,-0.002212517,0.0077931853,0.99994
TBP,CD8 TCM,335,0.0015158961,0.006157078,0.999998
TBP,CD8 TEM,463,0.0016385046,0.0059900573,0.999998
TBP,MAIT,113,0.0028563,0.007843993,0.99999124
TBP,NK,411,0.0013826143,0.006071304,0.9999967
TBP,NK Proliferating,25,0.0015616774,0.008596926,0.9999974
TBP,Treg,177,-0.0013154658,0.007965863,0.99999034
TBP,unlabeled,132,-0.0017273178,0.010226567,0.9999986
TBX19,CD4 Naive,1257,-0.0026340222,0.010566585,0.99988717
TBX19,CD4 TCM,1134,-0.002881954,0.007482827,0.99998933
TBX19,CD8 Naive,1178,-0.0024535814,0.00803184,0.9999456
TBX19,CD8 TCM,335,-0.0064554065,0.012956624,0.9999978
TBX19,CD8 TEM,463,-0.0066985004,0.012476295,0.99999547
TBX19,MAIT,113,-0.0065089874,0.012298913,0.9999959
TBX19,NK,411,-0.0057174386,0.013214984,0.99998343
TBX19,NK Proliferating,25,-0.004391081,0.029409474,0.9997595
TBX19,Treg,177,-0.0026744918,0.008004753,0.9999599
TBX19,unlabeled,132,-0.0027176214,0.008657184,0.99999815
TCF12,CD4 Naive,1257,0.003635463,0.020286411,0.99984306
TCF12,CD4 TCM,1134,0.006106765,0.023149488,0.99990827
TCF12,CD8 Naive,1178,0.005290579,0.023256192,0.999874
TCF12,CD8 TCM,335,0.010586677,0.024016278,0.99997103
TCF12,CD8 TEM,463,0.0053355917,0.011722707,0.9999884
TCF12,MAIT,113,0.007692785,0.0246309,0.99996763
TCF12,NK,411,0.0038974863,0.013136166,0.9999826
TCF12,NK Proliferating,25,0.0037651372,0.028602337,0.9998497
TCF12,Treg,177,0.006538197,0.03353317,0.99974364
TCF12,unlabeled,132,0.007606965,0.04312654,0.9997438
TCF4,CD4 Naive,1257,0.0007213602,0.010339858,0.99992967
TCF4,CD4 TCM,1134,0.0088098245,0.028508125,0.9999793
TCF4,CD8 Naive,1178,0.0028917,0.016388103,0.99992704
TCF4,CD8 TCM,335,0.01572952,0.039161675,0.99996996
TCF4,CD8 TEM,463,0.0072746216,0.015737046,0.9999946
TCF4,MAIT,113,0.011198729,0.023363337,0.9999556
TCF4,NK,411,0.005941396,0.014960058,0.9999885
TCF4,NK Proliferating,25,0.00613569,0.021868294,0.9999749
TCF4,Treg,177,0.008409551,0.035910707,0.99986225
TCF4,unlabeled,132,0.010326813,0.05597413,0.9997924
TCF7,CD4 Naive,1257,6.340177e-05,0.01832215,0.99980015
TCF7,CD4 TCM,1134,0.0057020737,0.028095039,0.9998719
TCF7,CD8 Naive,1178,0.0016564038,0.024050672,0.9997716
TCF7,CD8 TCM,335,0.0099346945,0.026041256,0.99995625
TCF7,CD8 TEM,463,0.005603339,0.012096343,0.9999929
TCF7,MAIT,113,0.0063443626,0.014915071,0.9999715
TCF7,NK,411,0.0054110377,0.013658078,0.99998605
TCF7,NK Proliferating,25,0.004696467,0.017809637,0.99997956
TCF7,Treg,177,0.005080041,0.03325464,0.99974966
TCF7,unlabeled,132,0.008442627,0.0519834,0.99976987
TCF7L2,CD4 Naive,1257,-0.0008114851,0.0104152905,0.9998988
TCF7L2,CD4 TCM,1134,0.0055274162,0.023330998,0.99995714
TCF7L2,CD8 Naive,1178,0.0019324346,0.015686277,0.99991006
TCF7L2,CD8 TCM,335,0.0112143485,0.029352684,0.99997514
TCF7L2,CD8 TEM,463,0.0054830103,0.013094758,0.99999547
TCF7L2,MAIT,113,0.006309022,0.014116,0.9999788
TCF7L2,NK,411,0.0058614714,0.015080333,0.99999034
TCF7L2,NK Proliferating,25,0.0052530337,0.016024485,0.9999884
TCF7L2,Treg,177,0.0057369987,0.027376551,0.9998668
TCF7L2,unlabeled,132,0.009635683,0.051574584,0.99988484
TFCP2,CD4 Naive,1257,0.00043155518,0.008069076,0.99994785
TFCP2,CD4 TCM,1134,0.0020937591,0.012211322,0.99997103
TFCP2,CD8 Naive,1178,0.0005641544,0.007986386,0.9999456
TFCP2,CD8 TCM,335,0.00486257,0.017094247,0.99995685
TFCP2,CD8 TEM,463,0.0048124846,0.0147766555,0.99999136
TFCP2,MAIT,113,0.004519807,0.014492615,0.99997514
TFCP2,NK,411,0.003443987,0.013438146,0.99998486
TFCP2,NK Proliferating,25,0.0028909086,0.014207781,0.99998426
TFCP2,Treg,177,0.0011750977,0.012204487,0.9999486
TFCP2,unlabeled,132,0.0027565218,0.015224587,0.9999947
TFDP1,CD4 Naive,1257,0.0055555254,0.021423614,0.9998508
TFDP1,CD4 TCM,1134,0.002193789,0.012446182,0.9999693
TFDP1,CD8 Naive,1178,0.00393835,0.015317784,0.9999122
TFDP1,CD8 TCM,335,-0.0017468862,0.0066651204,0.9999981
TFDP1,CD8 TEM,463,-0.0022152863,0.0059313416,0.99999857
TFDP1,MAIT,113,-0.0013331106,0.004432841,0.9999977
TFDP1,NK,411,-0.002025212,0.0067400862,0.99999183
TFDP1,NK Proliferating,25,-0.0009111011,0.022136355,0.99978006
TFDP1,Treg,177,0.0011615956,0.011633656,0.9999521
TFDP1,unlabeled,132,0.0006161111,0.008290513,0.99999744
TFEB,CD4 Naive,1257,-0.0022010682,0.007382867,0.99992734
TFEB,CD4 TCM,1134,-0.0023935628,0.0062376265,0.9999925
TFEB,CD8 Naive,1178,-0.002610033,0.008376756,0.99993825
TFEB,CD8 TCM,335,-0.0033664184,0.007531058,0.999999
TFEB,CD8 TEM,463,-0.0033333981,0.0067469543,0.9999984
TFEB,MAIT,113,-0.00252981,0.004444654,0.9999993
TFEB,NK,411,-0.003908977,0.0100039495,0.99998724
TFEB,NK Proliferating,25,-0.0025358438,0.021935636,0.99978167
TFEB,Treg,177,-0.0028330653,0.008265885,0.99999726
TFEB,unlabeled,132,-0.003426242,0.015122849,0.99999815
TRPS1,CD4 Naive,1257,0.0033233145,0.027834974,0.9998627
TRPS1,CD4 TCM,1134,0.0008787062,0.016690183,0.9999746
TRPS1,CD8 Naive,1178,0.0027139145,0.024919504,0.99991065
TRPS1,CD8 TCM,335,-0.002008435,0.008779704,0.9999729
TRPS1,CD8 TEM,463,-0.0022269145,0.0070141223,0.99999475
TRPS1,MAIT,113,-0.001699292,0.010918482,0.9999878
TRPS1,NK,411,-0.002338713,0.008087346,0.9999891
TRPS1,NK Proliferating,25,-0.00076063635,0.025806887,0.9998939
TRPS1,Treg,177,9.656879e-05,0.017458767,0.9999844
TRPS1,unlabeled,132,-0.0009207394,0.02653803,0.9998953
USF1,CD4 Naive,1257,0.0011989693,0.004838514,0.99997
USF1,CD4 TCM,1134,0.0020055624,0.006915107,0.9999888
USF1,CD8 Naive,1178,0.0013167369,0.00498224,0.9999763
USF1,CD8 TCM,335,0.0038312268,0.00940681,0.9999981
USF1,CD8 TEM,463,0.0034278801,0.008425505,0.9999975
USF1,MAIT,113,0.005343092,0.011359175,0.9999915
USF1,NK,411,0.0027843527,0.0077391216,0.99999434
USF1,NK Proliferating,25,0.0026966096,0.017218255,0.9998763
USF1,Treg,177,0.0017305182,0.007523867,0.99996036
USF1,unlabeled,132,0.0013743964,0.0066178264,0.9999993
USF2,CD4 Naive,1257,-0.0048601623,0.0257597,0.9997705
USF2,CD4 TCM,1134,-0.0062062973,0.02265157,0.99996275
USF2,CD8 Naive,1178,-0.0048394464,0.022871273,0.9998488
USF2,CD8 TCM,335,-0.008276932,0.022366757,0.9999567
USF2,CD8 TEM,463,-0.008034283,0.017844528,0.9999927
USF2,MAIT,113,-0.0072123236,0.015332772,0.9999784
USF2,NK,411,-0.008367174,0.02092126,0.99997586
USF2,NK Proliferating,25,-0.006612654,0.03463091,0.9997557
USF2,Treg,177,-0.00642343,0.026576344,0.99995744
USF2,unlabeled,132,-0.006381674,0.03212102,0.9998991
VEZF1,CD4 Naive,1257,0.0006049675,0.0044932305,0.99994904
VEZF1,CD4 TCM,1134,-0.0013200332,0.0075157154,0.99995804
VEZF1,CD8 Naive,1178,0.001192626,0.005895185,0.9999753
VEZF1,CD8 TCM,335,-0.0025159013,0.008310884,0.9999959
VEZF1,CD8 TEM,463,-0.0021040025,0.006706447,0.9999967
VEZF1,MAIT,113,-0.00256051,0.014144955,0.9999788
VEZF1,NK,411,-0.0023313523,0.008767493,0.9999885
VEZF1,NK Proliferating,25,-0.0011587322,0.0059180167,0.9999974
VEZF1,Treg,177,-0.0005665674,0.006178159,0.99996483
VEZF1,unlabeled,132,-0.0012993976,0.009152466,0.9999983
XBP1,CD4 Naive,1257,0.0009285444,0.006194784,0.99998873
XBP1,CD4 TCM,1134,0.0023615868,0.010422441,0.9999861
XBP1,CD8 Naive,1178,0.0010595176,0.007303453,0.99997824
XBP1,CD8 TCM,335,0.0021425888,0.007213082,0.99999726
XBP1,CD8 TEM,463,0.0020877358,0.0058733597,0.99999726
XBP1,MAIT,113,0.0022978445,0.0077483454,0.99999094
XBP1,NK,411,0.0020213178,0.0073387106,0.99998856
XBP1,NK Proliferating,25,0.0014533735,0.009047019,0.9999856
XBP1,Treg,177,0.0016413768,0.009373068,0.9999898
XBP1,unlabeled,132,0.0019186824,0.010197068,0.99999887
YY1,CD4 Naive,1257,-0.0020281384,0.010453607,0.99989086
YY1,CD4 TCM,1134,-0.004992178,0.018178057,0.9999686
YY1,CD8 Naive,1178,-0.0015997327,0.007076158,0.99995834
YY1,CD8 TCM,335,-0.0060520014,0.016616348,0.99998933
YY1,CD8 TEM,463,-0.005466243,0.014208004,0.9999938
YY1,MAIT,113,-0.0056691435,0.012986642,0.99998844
YY1,NK,411,-0.0052953693,0.016195381,0.9999803
YY1,NK Proliferating,25,-0.0052451063,0.018842898,0.9999728
YY1,Treg,177,-0.004151388,0.018798094,0.99992067
YY1,unlabeled,132,-0.0033774301,0.014551727,0.99999493
ZBTB18,CD4 Naive,1257,0.002286776,0.011257313,0.99990016
ZBTB18,CD4 TCM,1134,-0.0026109035,0.012821738,0.9999785
ZBTB18,CD8 Naive,1178,0.0020109892,0.010463938,0.999961
ZBTB18,CD8 TCM,335,-0.0060800295,0.018299513,0.9999922
ZBTB18,CD8 TEM,463,-0.0049580396,0.012614259,0.9999961
ZBTB18,MAIT,113,-0.0046892245,0.015323141,0.9999768
ZBTB18,NK,411,-0.0044871834,0.012954654,0.99998754
ZBTB18,NK Proliferating,25,-0.0031297838,0.01253381,0.99999183
ZBTB18,Treg,177,-0.0015459479,0.011258086,0.99999726
ZBTB18,unlabeled,132,-0.0036382321,0.025938192,0.9999931
ZBTB7A,CD4 Naive,1257,0.0037060648,0.022624703,0.9998568
ZBTB7A,CD4 TCM,1134,0.0013014405,0.011213629,0.99997526
ZBTB7A,CD8 Naive,1178,0.0030842857,0.02032688,0.9999265
ZBTB7A,CD8 TCM,335,-0.0003463365,0.008670404,0.99997723
ZBTB7A,CD8 TEM,463,-0.0011849848,0.007135025,0.9999926
ZBTB7A,MAIT,113,4.9128997e-05,0.013767304,0.99997693
ZBTB7A,NK,411,-0.0020691399,0.010424014,0.99998087
ZBTB7A,NK Proliferating,25,0.00028788327,0.034547158,0.9997103
ZBTB7A,Treg,177,0.0010458828,0.016131014,0.9999415
ZBTB7A,unlabeled,132,2.0532445e-05,0.02617198,0.9997998
ZEB1,CD4 Naive,1257,0.01159302,0.041343246,0.9996983
ZEB1,CD4 TCM,1134,0.018590137,0.050163317,0.9999139
ZEB1,CD8 Naive,1178,0.014120076,0.044198733,0.99977505
ZEB1,CD8 TCM,335,0.025675595,0.0559892,0.9999305
ZEB1,CD8 TEM,463,0.01142541,0.022380162,0.99998635
ZEB1,MAIT,113,0.020489804,0.04831711,0.9999603
ZEB1,NK,411,0.008439623,0.019445239,0.9999824
ZEB1,NK Proliferating,25,0.010212468,0.042465445,0.99956405
ZEB1,Treg,177,0.016509209,0.04941975,0.9998495
ZEB1,unlabeled,132,0.01896671,0.078812614,0.9996844
ZFX,CD4 Naive,1257,0.0014532257,0.0129036205,0.9999464
ZFX,CD4 TCM,1134,0.0012351541,0.009676311,0.9999694
ZFX,CD8 Naive,1178,0.0005874962,0.009670502,0.99995834
ZFX,CD8 TCM,335,0.0012928492,0.007411564,0.9999764
ZFX,CD8 TEM,463,0.0013455778,0.005767772,0.99999744
ZFX,MAIT,113,0.0021328256,0.010635242,0.9999837
ZFX,NK,411,0.00054314,0.0054500406,0.9999933
ZFX,NK Proliferating,25,0.0016382551,0.0086592445,0.9999972
ZFX,Treg,177,0.0004565566,0.009801885,0.99995965
ZFX,unlabeled,132,-0.0004408547,0.013350335,0.99999744
ZKSCAN1,CD4 Naive,1257,8.339225e-05,0.005303164,0.99996716
ZKSCAN1,CD4 TCM,1134,-0.0027217967,0.013290421,0.9999777
ZKSCAN1,CD8 Naive,1178,-0.0005375167,0.0077512367,0.99997574
ZKSCAN1,CD8 TCM,335,-0.0060364525,0.021593016,0.9999155
ZKSCAN1,CD8 TEM,463,-0.005491066,0.014296367,0.9999926
ZKSCAN1,MAIT,113,-0.005756028,0.022226883,0.9999434
ZKSCAN1,NK,411,-0.0046314783,0.014301863,0.9999833
ZKSCAN1,NK Proliferating,25,-0.0031789625,0.016008563,0.9999773
ZKSCAN1,Treg,177,-0.0023137939,0.012816051,0.9999884
ZKSCAN1,unlabeled,132,-0.0034432034,0.021852633,0.9999952
ZNF148,CD4 Naive,1257,0.0034360501,0.024205485,0.9998461
ZNF148,CD4 TCM,1134,0.008327079,0.03404192,0.99994814
ZNF148,CD8 Naive,1178,0.0037195534,0.023626262,0.99989057
ZNF148,CD8 TCM,335,0.0092127705,0.02838487,0.99996686
ZNF148,CD8 TEM,463,0.007344046,0.018008577,0.99998987
ZNF148,MAIT,113,0.0064452714,0.019736357,0.99994993
ZNF148,NK,411,0.006482906,0.016890846,0.99998236
ZNF148,NK Proliferating,25,0.005212971,0.018848121,0.999979
ZNF148,Treg,177,0.0055799806,0.03147391,0.99990106
ZNF148,unlabeled,132,0.008679901,0.051453236,0.9997901
ZNF274,CD4 Naive,1257,9.6524745e-05,0.006000585,0.99996096
ZNF274,CD4 TCM,1134,-0.0010027761,0.0043475614,0.99997985
ZNF274,CD8 Naive,1178,0.0004466261,0.007834794,0.99993473
ZNF274,CD8 TCM,335,6.693682e-05,0.0031711468,0.99999917
ZNF274,CD8 TEM,463,0.00019911569,0.0024556068,0.99999934
ZNF274,MAIT,113,0.00065698824,0.0036295068,0.9999973
ZNF274,NK,411,2.6921358e-05,0.0027564832,0.99999607
ZNF274,NK Proliferating,25,-7.914662e-05,0.0023837239,0.9999997
ZNF274,Treg,177,-0.0002699454,0.00560631,0.99996144
ZNF274,unlabeled,132,-0.00021679745,0.0045411955,0.9999993
ZNF331,CD4 Naive,1257,-0.0037972587,0.023670008,0.9998015
ZNF331,CD4 TCM,1134,-0.0015240312,0.009959215,0.9999828
ZNF331,CD8 Naive,1178,-0.0042160708,0.024853941,0.9998333
ZNF331,CD8 TCM,335,-0.00022255334,0.0064856363,0.99998105
ZNF331,CD8 TEM,463,-0.0002152677,0.0057315095,0.99999684
ZNF331,MAIT,113,-0.0014622533,0.011172309,0.99998385
ZNF331,NK,411,-0.00017082988,0.005050557,0.9999978
ZNF331,NK Proliferating,25,-0.00043067097,0.008182565,0.9999962
ZNF331,Treg,177,-0.0017600214,0.01153968,0.99999356
ZNF331,unlabeled,132,-0.0012962671,0.012206567,0.9999984
ZNF652,CD4 Naive,1257,-0.0030447848,0.018698951,0.9997935
ZNF652,CD4 TCM,1134,-0.0022784607,0.013001511,0.9999337
ZNF652,CD8 Naive,1178,-0.0027778978,0.018298468,0.9998131
ZNF652,CD8 TCM,335,-0.0024028756,0.010482435,0.9999512
ZNF652,CD8 TEM,463,-0.002122675,0.0074153244,0.99999475
ZNF652,MAIT,113,-0.0027156551,0.0076621408,0.99999017
ZNF652,NK,411,-0.0015913117,0.009245565,0.9999859
ZNF652,NK Proliferating,25,-0.0022558428,0.017638018,0.99996537
ZNF652,Treg,177,-0.0017035797,0.008864689,0.9999842
ZNF652,unlabeled,132,-0.0008260186,0.010144987,0.99999493
ZNF680,CD4 Naive,1257,-0.0032128196,0.014829224,0.9998662
ZNF680,CD4 TCM,1134,0.0014474683,0.011637167,0.99996823
ZNF680,CD8 Naive,1178,-0.0025958873,0.014342637,0.9998657
ZNF680,CD8 TCM,335,0.004376051,0.011245637,0.99999744
ZNF680,CD8 TEM,463,0.0037375302,0.008184927,0.9999976
ZNF680,MAIT,113,0.0021959865,0.004570145,0.9999989
ZNF680,NK,411,0.0033967083,0.008739508,0.99999255
ZNF680,NK Proliferating,25,0.001691593,0.0076034586,0.99999595
ZNF680,Treg,177,0.0012174222,0.010759957,0.9999591
ZNF680,unlabeled,132,0.0032209882,0.021531908,0.9999956
ZNF692,CD4 Naive,1257,-0.0030731268,0.016121207,0.99985695
ZNF692,CD4 TCM,1134,-0.0015322914,0.007771425,0.99998426
ZNF692,CD8 Naive,1178,-0.0025873403,0.01320687,0.9998998
ZNF692,CD8 TCM,335,0.00096805434,0.0061973827,0.9999808
ZNF692,CD8 TEM,463,0.0012106319,0.004169065,0.9999991
ZNF692,MAIT,113,-0.00010105836,0.0038726283,0.9999971
ZNF692,NK,411,0.0012696552,0.0045360974,0.9999954
ZNF692,NK Proliferating,25,8.319497e-05,0.0074307807,0.99998224
ZNF692,Treg,177,-0.0011613376,0.0063156853,0.9999968
ZNF692,unlabeled,132,0.000111423884,0.0075788996,0.99999714
ZNF701,CD4 Naive,1257,0.004928662,0.02577863,0.99983376
ZNF701,CD4 TCM,1134,0.009838101,0.03601373,0.99994284
ZNF701,CD8 Naive,1178,0.005318307,0.027524453,0.99985886
ZNF701,CD8 TCM,335,0.012988647,0.03540391,0.9999752
ZNF701,CD8 TEM,463,0.0097588,0.023521231,0.9999847
ZNF701,MAIT,113,0.009445677,0.02568975,0.9999263
ZNF701,NK,411,0.006253993,0.016826242,0.99998486
ZNF701,NK Proliferating,25,0.005766547,0.026379941,0.9998624
ZNF701,Treg,177,0.0064174463,0.03056962,0.99990636
ZNF701,unlabeled,132,0.010069706,0.053719983,0.9997941
ZNF708,CD4 Naive,1257,7.581882e-05,0.00518624,0.9999488
ZNF708,CD4 TCM,1134,0.0011861419,0.008474269,0.9999804
ZNF708,CD8 Naive,1178,-7.968427e-05,0.0056967298,0.9999718
ZNF708,CD8 TCM,335,0.0013763835,0.0069657452,0.99999636
ZNF708,CD8 TEM,463,0.0012226659,0.0050843735,0.99999803
ZNF708,MAIT,113,0.0017596077,0.01033886,0.9999858
ZNF708,NK,411,0.0014030935,0.005563812,0.99999255
ZNF708,NK Proliferating,25,0.0010950947,0.005680734,0.99999785
ZNF708,Treg,177,0.00025047793,0.005697769,0.99999523
ZNF708,unlabeled,132,-4.9704176e-05,0.007437982,0.99998903
ZNF76,CD4 Naive,1257,0.0011002016,0.010630843,0.999939
ZNF76,CD4 TCM,1134,0.0018314188,0.0089764185,0.9999705
ZNF76,CD8 Naive,1178,0.0008056282,0.008500672,0.99997485
ZNF76,CD8 TCM,335,0.0030641663,0.009005441,0.99999505
ZNF76,CD8 TEM,463,0.0026426907,0.0071667023,0.99999726
ZNF76,MAIT,113,0.003424484,0.009668973,0.9999883
ZNF76,NK,411,0.0019732136,0.0066841445,0.9999931
ZNF76,NK Proliferating,25,0.0021379758,0.014053857,0.99993825
ZNF76,Treg,177,0.0017229337,0.009813027,0.999961
ZNF76,unlabeled,132,0.0013336964,0.0078687165,0.9999964
